Cluster,GaiaDR2,RAdeg,DEdeg,pmRA,pmDE,plx,Gmag,BP-RP,Pmemb,r
Trumpler_5,3326866686638968192,99.15398,9.84849,-0.886,0.393,0.305,16.63,1.13,1,23.06
Trumpler_5,3326859956425708672,99.14087,9.68812,-0.503,0.269,0.2726,15.86,0.96,1,13.41
Trumpler_5,3326860300023095424,99.11233,9.70845,-0.606,0.434,0.2905,16.11,1.22,1,14.62
Trumpler_5,3326805908557292416,99.30096,9.48685,-0.531,0.302,0.2298,15.74,1,1,10.43
Trumpler_5,3326832606074193792,99.03222,9.51578,-0.498,0.33,0.3076,15.38,1.2,1,6.33
Trumpler_5,3326783368568993664,99.20329,9.48376,-0.524,0.136,0.3578,16.01,0.97,1,4.71
Trumpler_5,3326785773750739328,99.15572,9.4613,-0.711,0.651,0.4082,14.64,0.93,1,1.773
Trumpler_5,3326811096877800448,99.18003,9.57456,-0.505,0.349,0.2993,15.38,0.98,1,7.31
Trumpler_5,3326786353568812416,99.17257,9.50547,-0.605,0.314,0.2757,15.39,0.94,1,3.673
Trumpler_5,3326810478402457088,99.28001,9.566,-0.534,0.432,0.2583,15.83,0.88,1,10.94
Trumpler_5,3326783059331363200,99.21206,9.45875,-0.952,0.147,0.226,16.58,1.14,1,5.107
Trumpler_5,3326782234697640448,99.23791,9.43704,-0.398,0.446,0.3431,16.02,1.22,1,6.832
Trumpler_5,3326787246922051584,99.09515,9.52092,-0.598,0.199,0.2382,16.77,1.08,1,3.819
Trumpler_5,3326784605519674624,99.1033,9.47064,-0.836,0.211,0.2577,16.3,1.02,1,1.385
Trumpler_5,3326784257630416256,99.13674,9.44207,-0.657,0.357,0.3414,15.62,0.94,1,1.515
Trumpler_5,3326784399361287808,99.09038,9.4393,-0.431,0.289,0.2367,15.98,1.02,1,2.611
Trumpler_5,3326787079420759936,99.12352,9.5298,-0.294,0.111,0.2874,15.65,1.23,1,3.891
Trumpler_5,3326825459248778112,98.89656,9.39192,-0.608,0.435,0.3007,15.35,1.2,1,14.27
Trumpler_5,3326781989881775744,99.27842,9.43393,-0.64,0.312,0.3425,15.97,1.27,1,9.212
Trumpler_5,3326782303417071104,99.2736,9.46004,-0.669,0.349,0.3731,16.17,0.83,1,8.74
Trumpler_5,3326835384915663616,99.04274,9.59052,-0.384,0.313,0.2685,15.65,1.26,1,8.999
Trumpler_5,3326809447610239232,99.39148,9.61404,-0.796,0.372,0.1913,16.08,1.17,1,18.07
Trumpler_5,3326761412696403200,99.14924,9.26322,-0.419,-0.097,0.2973,16.36,1.02,1,12.18
Trumpler_5,3326757800625214208,99.09923,9.12746,-0.682,0.158,0.2276,15.63,1.24,1,20.31
Trumpler_5,3326769624673711744,99.24159,9.37813,-0.471,0.106,0.297,15.88,1.24,1,8.601
Trumpler_5,3326779726436867456,99.19927,9.34471,-0.554,0.119,0.2909,14.62,1.16,1,8.42
Trumpler_5,3326781616222424576,99.20549,9.38883,-0.76,0.407,0.2707,16.45,1.05,1,6.559
Trumpler_5,3326765840806069504,99.42283,9.35078,-0.653,0.058,0.4475,16.34,1.18,1,18.85
Trumpler_5,3326774430739014144,99.06898,9.33507,-0.804,0.639,0.3027,16.45,1,1,8.494
Trumpler_5,3326770307572118144,99.31125,9.4357,-0.735,0.819,0.3105,15.19,0.87,1,11.1
Trumpler_5,3326864526270481408,99.08466,9.78732,-0.716,0.524,0.2067,16.44,1.16,0.9,19.49
Trumpler_5,3326859750267337728,99.06114,9.67032,-0.483,0.423,0.2586,16.28,1.22,0.9,12.9
Trumpler_5,3326810306603807104,99.21221,9.56186,-0.294,-0.026,0.3726,15.73,0.97,0.9,7.733
Trumpler_5,3326793813929388800,99.34041,9.44795,-0.736,0.055,0.3181,15.78,1.17,0.9,12.73
Trumpler_5,3326788659969131904,99.5701,9.36246,-0.451,0.544,0.2795,15.53,0.98,0.9,26.99
Trumpler_5,3326792680058027776,99.37616,9.40939,-0.38,0.219,0.4258,15.62,0.86,0.9,15.17
Trumpler_5,3326837141559093120,98.90094,9.58881,-0.341,0.432,0.2962,16.26,1.2,0.9,15.24
Trumpler_5,3326786594087018240,99.17843,9.5202,-0.775,0.074,0.2791,15.95,0.95,0.9,4.538
Trumpler_5,3326807553534263936,99.29952,9.56883,-0.529,0.065,0.3524,16.97,1.09,0.9,12.01
Trumpler_5,3326781959819724032,99.26549,9.42319,-0.598,0.149,0.3678,16.23,1.17,0.9,8.628
Trumpler_5,3326786426585687040,99.20454,9.5073,-0.975,0.43,0.4,14.8,0.92,0.9,5.295
Trumpler_5,3326786082988414592,99.10026,9.48216,-0.503,0.304,0.4483,15.9,0.99,0.9,1.838
Trumpler_5,3326787487440281088,99.1422,9.54379,-0.223,0.081,0.3073,16.29,1.22,0.9,4.823
Trumpler_5,3326834736377867264,99.08922,9.57061,-0.586,0.584,0.2038,16.05,0.85,0.9,6.7
Trumpler_5,3326838206710971136,98.89437,9.64643,-0.324,0.214,0.4486,15.12,0.93,0.9,17.5
Trumpler_5,3326770960410485376,98.99978,9.20175,-0.221,0.148,0.2667,16.38,1.13,0.9,17.47
Trumpler_5,3326758079801884288,99.07108,9.15568,-0.475,0.007,0.2337,16.01,1.19,0.9,18.84
Trumpler_5,3326766665438019968,99.29711,9.2935,-0.756,0.41,0.4321,15.58,1.02,0.9,14.43
Trumpler_5,3326448361119809792,98.6922,9.29288,-0.437,0.448,0.1926,15.25,1.01,0.9,27.67
Trumpler_5,3326865449688289920,99.19027,9.79626,-0.752,-0.005,0.2548,16.29,1.22,0.8,20.23
Trumpler_5,3326783570429587072,99.0601,9.38565,-0.247,-0.139,0.2848,14.57,0.97,0.8,6.154
Trumpler_5,3326824321079197056,98.74114,9.35863,-0.574,0.33,0.2349,16.66,1.07,0.8,23.65
Trumpler_5,3326806316578038272,99.38326,9.52032,-0.377,0.019,0.1396,16.12,1.11,0.8,15.58
Trumpler_5,3326796661491656064,99.48066,9.5749,-0.418,0.557,0.4156,15.3,1.24,0.8,21.99
Trumpler_5,3326781341344510976,99.23252,9.3711,-0.827,-0.17,0.2515,14.91,1.11,0.8,8.455
Trumpler_5,3326777286895609344,98.93117,9.3217,-0.244,0.032,0.4064,13.52,0.55,0.8,14.38
Trumpler_5,3326775740707383936,98.93146,9.31935,-0.705,0.487,0.0776,16.21,1.12,0.8,14.45
Trumpler_5,3326776565341115904,98.90382,9.32528,-0.558,0.153,0.1197,16.16,1.26,0.8,15.59
Trumpler_5,3326766974675728896,99.25754,9.31399,0.119,0.112,0.5137,15.49,1.16,0.8,11.94
Trumpler_5,3326766596718502400,99.27084,9.27683,-0.97,0.561,0.3045,15.99,1.15,0.8,14.17
Trumpler_5,3326563912919005824,99.20565,8.94076,-0.937,0.129,0.2696,12.83,1.12,0.8,31.8
Trumpler_5,3326394691208502912,98.85019,9.11062,-0.953,0.332,0.4041,15.72,1.09,0.8,26.81
Trumpler_5,3326862292887837440,99.25136,9.76833,-0.996,-0.02,0.1759,15.79,1.05,0.7,19.65
Trumpler_5,3326852328563416320,98.91291,9.72953,-0.534,0.721,0.49,14.77,0.97,0.7,20.26
Trumpler_5,3326833911744301568,98.93089,9.5505,-0.915,0.152,0.2747,16.58,1.11,0.7,12.63
Trumpler_5,3326830819367294464,98.74897,9.48661,-0.648,-0.039,0.3195,15.44,0.79,0.7,22.35
Trumpler_5,3326836243909217792,99.03686,9.64551,-0.503,0.037,0.3759,16.54,1.07,0.7,12.04
Trumpler_5,3326814532851467648,99.51364,9.63228,-0.197,0.265,0.3064,15.62,1.12,0.7,25.03
Trumpler_5,3326775908207603456,98.82774,9.27706,-0.26,-0.201,0.1767,16.52,1.06,0.7,20.94
Trumpler_5,3326775637628214912,98.88032,9.29041,-0.597,0.268,0.4395,14.38,0.95,0.7,17.92
Trumpler_5,3326400841601610752,98.78124,9.27796,-0.553,0.795,0.436,15.24,1.11,0.7,23.29
Trumpler_5,3326392801422925696,98.84912,9.05849,-0.001,-0.009,0.3353,14.64,1.09,0.7,29.38
Trumpler_5,3326189662353462400,99.14266,8.95448,-0.375,-0.06,0.3097,15.45,1.22,0.7,30.64
Trumpler_5,3326872257211903744,99.28753,9.89455,-0.674,-0.039,0.3988,15.86,1.17,0.6,27.48
Trumpler_5,3326872012398486272,99.22057,9.88478,-0.897,0.767,0.4285,15.92,0.85,0.6,25.8
Trumpler_5,3326806939349441152,99.26361,9.52277,-0.933,0.043,0.3475,15.99,1.09,0.6,8.85
Trumpler_5,3326824973914360064,98.80109,9.39796,-0.403,0.967,0.2926,16.44,1.07,0.6,19.64
Trumpler_5,3326823569463242752,98.80965,9.34709,-0.415,0.1,0.1848,16.4,1.03,0.6,20.01
Trumpler_5,3326810680264949120,99.28403,9.59646,-0.148,0.53,0.4389,15.8,0.89,0.6,12.23
Trumpler_5,3326757942362913792,99.1159,9.14693,-0.893,-0.07,0.1636,14.87,1,0.6,19.09
Trumpler_5,3326758354679842816,99.00747,9.12487,-0.273,0.523,0.4632,16.03,1.09,0.6,21.58
Trumpler_5,3326771445740174208,98.91762,9.18109,0.005,0.246,0.3453,16.12,1.18,0.6,21.03
Trumpler_5,3326753922273603456,99.077,9.04574,-0.338,-0.062,0.1663,14.29,0.93,0.6,25.32
Trumpler_5,3326599745830572416,99.60454,9.29574,-0.218,0.056,0.3121,15.29,1.29,0.6,30.09
Trumpler_5,3326599578327225472,99.63312,9.29639,-0.611,0.299,0.4444,15.78,0.96,0.6,31.67
Trumpler_5,3326448086241862784,98.75808,9.30493,-0.419,0.043,0.1882,16.39,1.12,0.6,23.8
Trumpler_5,3326377030302976896,99.03441,8.95222,-0.682,-0.016,0.3245,15.19,0.98,0.6,31.24
Trumpler_5,3326394278891666944,98.78428,9.13096,-0.494,0.036,0.1052,16.05,1.23,0.6,28.47
Trumpler_5,3326823397664587648,98.76648,9.31338,-0.978,0.921,0.3151,16.04,0.95,0.5,23.14
Trumpler_5,3326824565895691392,98.71055,9.36708,-0.09,-0.085,0.3624,13.69,0.51,0.5,25.28
Trumpler_5,3326828547327378176,98.73265,9.46435,-0.62,0.295,0.0852,16.87,1.07,0.5,23.27
Trumpler_5,3326823122786678784,98.78668,9.30261,-0.168,0.437,0.2994,15.91,1.12,0.5,22.32
Trumpler_5,3326834598938944640,99.04454,9.5767,-0.501,-0.181,0.3239,16.39,0.9,0.5,8.255
Trumpler_5,3326832984031309312,99.01081,9.54124,-0.039,-0.074,0.3185,14.55,1.22,0.5,8.208
Trumpler_5,3326807557824686336,99.29998,9.5681,0.08,0.086,0.3445,13.54,0.7,0.5,12.01
Trumpler_5,3326828547327358976,98.73563,9.45924,-0.724,0.714,0.332,16.32,1.18,0.5,23.1
Trumpler_5,3326824424158444032,98.75174,9.36861,-1.022,0.616,0.3548,16.78,1.1,0.5,22.89
Trumpler_5,3326790755913167872,99.61175,9.42589,-0.487,0.732,0.4386,15.51,1.23,0.5,28.84
Trumpler_5,3326789175364687872,99.47492,9.35908,-0.555,-0.061,0.4016,15.43,1.14,0.5,21.6
Trumpler_5,3326756877210966144,99.20469,9.16537,-0.216,-0.138,0.4677,15.7,1.16,0.5,18.57
Trumpler_5,3326563878559244160,99.25014,8.96863,-0.255,0.311,0.363,16.39,1.14,0.5,30.67
Trumpler_5,3326573396206671488,99.44286,9.1457,-0.63,-0.109,0.3715,14.51,1.22,0.5,26.81
Trumpler_5,3326383210759419008,98.9753,9.12657,-0.038,-0.128,0.4074,15.87,0.98,0.5,22.17
Collinder_2,61 5856432828647768960,189.17242,-68.50863,-6.486,-2.637,0.3046,15,0.7,1,10.98
Collinder_2,61 5856437089255328384,189.02702,-68.43997,-6.303,-2.8,0.3725,15.23,0.84,1,11.5
Collinder_2,61 5856511271928032256,189.61703,-68.50255,-6.4,-2.799,0.3185,14.74,0.75,1,7.83
Collinder_2,61 5856530272864404224,189.58052,-68.31696,-6.291,-2.988,0.3067,15.4,1,1,3.85
Collinder_2,61 5856527455365735680,189.48558,-68.40161,-6.278,-2.822,0.2907,15.26,0.9,1,1.65
Collinder_2,61 5856516597687652352,189.78253,-68.39649,-6.425,-2.866,0.2954,15.89,0.99,0.9,5.94
Collinder_2,61 5856527455365740032,189.51982,-68.40033,-6.464,-2.63,0.3375,15.16,1.05,0.9,1.39
Collinder_2,61 5856527386646253312,189.49866,-68.4086,-6.383,-2.941,0.297,14.54,0.79,0.9,1.94
Collinder_2,61 5856527386646253440,189.5148,-68.40949,-6.423,-2.59,0.3331,15.12,0.95,1,1.95
Collinder_2,61 5856527524085206656,189.42731,-68.403,-6.32,-2.816,0.2976,13.9,0.84,1,2.55
Collinder_2,61 5856517010004497792,189.68413,-68.40344,-6.65,-2.856,0.3402,15.65,0.91,0.9,3.97
Collinder_2,61 5856528348719355648,189.39242,-68.38846,-6.388,-2.887,0.351,14.63,0.75,1,2.88
Collinder_2,61 5856528623597294720,189.41377,-68.36521,-6.767,-2.751,0.3348,14.82,0.73,0.7,2.43
Collinder_2,61 5856517078723954944,189.59924,-68.41296,-6.49,-2.813,0.3224,15.29,1.1,1,2.79
Collinder_2,61 5856527558444960128,189.47282,-68.39208,-6.111,-2.691,0.3772,14.6,0.7,1,1.36
Collinder_2,61 5856527455365743488,189.5147,-68.3973,-6.427,-2.496,0.2777,14.82,0.72,1,1.22
Collinder_2,61 5856527661524172800,189.4794,-68.39502,-6.344,-2.564,0.2835,14.91,0.91,1,1.39
Collinder_2,61 5856527730243676800,189.4872,-68.37227,-6.33,-2.602,0.3318,15.6,0.86,1,0.75
Collinder_2,61 5856528383078700288,189.46403,-68.37622,-6.381,-2.672,0.2818,15.71,0.97,1,1.21
Collinder_2,61 5856528726676132096,189.44507,-68.33905,-6.242,-2.706,0.3451,15.85,0.99,1,2.8
Collinder_2,61 5856528520517692032,189.53476,-68.35284,-6.549,-2.791,0.32,15.64,1.05,1,1.49
Collinder_2,61 5856528589237173120,189.50417,-68.34711,-6.222,-2.455,0.3746,15.22,1.11,1,1.82
Collinder_2,61 5856529242072194816,189.57943,-68.35896,-6.402,-2.829,0.3102,15.65,1.05,1,1.71
Collinder_2,61 5856517284882496128,189.67516,-68.38109,-6.412,-2.812,0.2686,14.63,0.89,1,3.46
Collinder_2,61 5856528348719366528,189.40754,-68.38312,-5.986,-2.582,0.3446,15.47,0.91,0.9,2.49
Collinder_2,61 5856515601255190272,189.56892,-68.42194,-6.293,-2.68,0.3135,14.25,0.8,1,2.91
Collinder_2,61 5856514879700797696,189.27148,-68.49886,-6.416,-2.73,0.3226,14.34,0.44,1,9.12
Collinder_2,61 5856528550550957184,189.48103,-68.35927,-6.278,-2.888,0.2813,14.96,0.78,0.9,1.35
Collinder_2,61 5856529379511194240,189.64252,-68.33053,-6.121,-2.655,0.2973,14.79,0.75,1,3.9
Collinder_2,61 5856527524085202048,189.42264,-68.40918,-6.58,-2.782,0.3077,15.58,0.86,1,2.87
Collinder_2,61 5856432656849042688,189.03869,-68.50474,-6.529,-2.692,0.29,16.03,1.08,1,13.07
Collinder_2,61 5856420729693697408,189.20318,-68.54792,-6.473,-2.631,0.3344,16.12,1.04,1,12.39
Collinder_2,61 5856419531427900672,189.14238,-68.61204,-6.469,-2.681,0.3049,15.9,1.07,0.8,16.35
Collinder_2,61 5856437742090215680,188.86796,-68.41282,-6.727,-2.519,0.2457,15.79,0.97,0.8,14.54
Collinder_2,61 5856436298981175168,188.71691,-68.44631,-6.504,-2.456,0.3435,16.09,1.02,1,18.18
Collinder_2,61 5856436367700747392,188.7021,-68.43015,-6.249,-2.549,0.4362,15.98,1.06,0.8,18.31
Collinder_2,61 5856483303104274560,188.71053,-68.41972,-5.753,-2.481,0.4038,15.14,0.97,0.5,18.04
Collinder_2,61 5856512680677308160,189.65428,-68.50343,-6.342,-2.779,0.2706,16.1,1.05,1,8.15
Collinder_2,61 5856528962867671936,189.57714,-68.37755,-6.509,-2.793,0.2048,16.06,0.99,1,1.28
Collinder_2,61 5856528486157936384,189.48157,-68.36062,-6.131,-2.614,0.4127,16.05,1.04,1,1.28
Collinder_2,61 5856528486157941376,189.49334,-68.35837,-6.24,-2.856,0.3206,16.11,1.02,1,1.25
Collinder_2,61 5856527764603421184,189.53838,-68.37075,-6.152,-2.777,0.2787,15.86,1.07,1,0.56
Collinder_2,61 5856529001554008064,189.61389,-68.37338,-6.288,-2.845,0.3061,14.64,1.15,1,2.1
Collinder_2,61 5856528761035882496,189.48897,-68.33398,-6.203,-2.808,0.2261,15.38,0.92,1,2.66
Collinder_2,61 5856529276431965696,189.61563,-68.33958,-6.194,-2.974,0.3049,16.37,0.95,1,3.1
Collinder_2,61 5856517211839051392,189.67269,-68.39087,-6.721,-1.912,0.4889,15.59,1.03,0.7,3.49
Collinder_2,61 5856527558444963200,189.47356,-68.38962,-6.231,-2.845,0.2364,15.67,0.99,1,1.25
Collinder_2,61 5856529276431950080,189.6112,-68.34962,-6.46,-2.848,0.2595,15.04,0.96,1,2.61
Collinder_2,61 5856527558444950656,189.47619,-68.40069,-6.052,-2.676,0.1785,15.74,1.02,1,1.7
Collinder_2,61 5856533326555127168,189.60501,-68.28643,-6.332,-3.098,0.2546,16.11,1.03,1,5.75
Collinder_2,61 5856515665648722688,189.56958,-68.41003,-6.18,-2.869,0.2167,15.63,0.92,1,2.27
Collinder_2,61 5856515669974676480,189.55901,-68.41343,-5.928,-2.753,0.4406,15.7,0.88,0.9,2.35
Collinder_2,61 5856519037229366144,190.04761,-68.42454,-6.509,-2.43,0.5306,14.45,0.92,0.8,12.01
NGC_6791,2051293427302195968,290.25435,37.79296,-0.636,-2.45,0.274,16.26,0.85,1,1.81
NGC_6791,2051266386187680640,289.87283,37.70201,-0.625,-2.425,0.3095,16.88,0.95,1,17.13
NGC_6791,2051288067182949760,290.14573,37.76453,-0.539,-2.175,0.1919,14.95,0.72,1,3.66
NGC_6791,2051295076569652608,290.3028,37.83019,-0.392,-2.009,0.185,15.42,0.86,1,4.98
NGC_6791,2051293118064541824,290.23658,37.78725,-0.521,-2.125,0.0428,17,0.98,1,0.92
NGC_6791,2051286967671325184,290.19605,37.72246,-0.637,-2.426,0.189,16.59,0.93,1,3.53
NGC_6791,2051292980625565440,290.21739,37.7643,-0.245,-2.103,0.1789,16.16,0.97,1,0.83
NGC_6791,2051293221143723264,290.17766,37.78112,-0.417,-2.33,0.1819,16.07,0.83,1,2.06
NGC_6791,2051292911906085120,290.22149,37.7538,-0.11,-2.305,0.126,16.32,0.99,1,1.45
NGC_6791,2051293766598643968,290.22935,37.82298,-0.595,-2.402,0.13,16.48,0.88,1,2.72
NGC_6791,2051293045054342400,290.24294,37.78556,-0.426,-2.245,0.1225,16.19,0.88,1,1.13
NGC_6791,2051293255503782912,290.19418,37.79934,-0.411,-2.693,0.2304,16.44,0.96,1,1.8
NGC_6791,2051293186784004096,290.21173,37.78178,-0.04,-2.563,0.1312,16.08,0.89,1,0.49
NGC_6791,2051292980625565824,290.20913,37.77297,-0.583,-2.151,0.2404,15.95,0.89,1,0.63
NGC_6791,2051265973870804224,289.87919,37.66327,-0.422,-2.48,0.2473,16.61,0.84,1,17.62
NGC_6791,2051292941964791296,290.2098,37.76094,-0.508,-2.35,0.1688,16.35,0.94,1,1.15
NGC_6791,2051293049345064832,290.24858,37.77434,-0.449,-2.417,0.1481,15.97,0.73,1,1.32
NGC_6791,2051293289863230720,290.21896,37.79786,-0.553,-2.328,0.1915,16.66,0.81,1,1.19
NGC_6791,2051293255503480320,290.20164,37.79262,-0.23,-2.347,0.1939,16.8,0.95,1,1.26
NGC_6791,2051293083698339328,290.22432,37.77836,-0.072,-2.701,0.1181,16.93,0.96,1,0.15
NGC_6791,2051102936915162112,290.4115,37.72408,-0.331,-2.785,0.2637,17.03,0.99,1,9.59
NGC_6791,2051105170297975680,290.25314,37.73054,-0.36,-2.188,0.1521,16.71,1.01,1,3.22
NGC_6791,2051105960572133888,290.39356,37.73954,-0.398,-2.184,0.1864,16.84,1.01,1,8.5
NGC_6791,2051105372157197568,290.26408,37.77216,-0.416,-2.251,0.1217,16.12,1.04,1,2.07
NGC_6791,2051104139505809536,290.27698,37.69139,-0.099,-2.393,0.0645,16.53,0.89,1,5.83
NGC_6791,2051104929779791232,290.25009,37.71785,-0.531,-2.369,0.0606,17.16,0.94,1,3.86
NGC_6791,2051105479535706752,290.2946,37.75871,-0.435,-2.332,0.2262,15.58,0.63,1,3.67
NGC_6791,2051105372159550336,290.2535,37.76947,-0.313,-2.113,0.1976,16.35,0.99,1,1.62
NGC_6791,2051105376456445824,290.24977,37.76757,-0.574,-2.36,0.1713,14.93,0.63,1,1.5
NGC_6791,2051099329142403456,290.21527,37.71809,-0.274,-2.137,0.0598,16.55,0.95,1,3.6
NGC_6791,2051098298350146816,290.19156,37.61415,-0.304,-1.731,0.2683,16.29,0.98,1,9.92
NGC_6791,2051099260422925440,290.22462,37.70721,-0.352,-2.205,0.2445,15.79,0.92,1,4.25
NGC_6791,2051105342096677632,290.23742,37.75567,-0.474,-2.51,0.2238,16.37,0.89,1,1.54
NGC_6791,2051105891852606464,290.29341,37.7951,-0.678,-2.323,0.2482,15.98,0.75,1,3.58
NGC_6791,2051107060083754752,290.33758,37.79171,-0.212,-2.166,0.1639,17.24,0.94,1,5.58
NGC_6791,2051096717802110976,290.1284,37.57293,-0.017,-2.35,0.1355,16.74,0.82,1,13.06
NGC_6791,2052609783240410112,290.49987,37.98762,-0.553,-2.006,0.1371,16.2,1.09,1,18.23
NGC_6791,2051290575444027136,289.96695,37.80876,-0.662,-2.207,0.3593,15.96,0.81,0.9,12.18
NGC_6791,2051095373473016192,290.13488,37.5102,-0.662,-1.928,0.277,16.87,0.98,0.9,16.58
NGC_6791,2051104826700745216,290.34221,37.76993,-0.544,-2.854,0.2037,17.13,0.96,0.9,5.76
NGC_6791,2051094828016652288,290.30394,37.5949,-0.617,-2.471,0.1978,17.19,0.89,0.9,11.67
NGC_6791,2051293461661941632,290.27385,37.80497,-0.954,-2.367,0.248,16.68,0.94,0.8,2.98
NGC_6791,2051096752161865088,290.14739,37.57522,-0.932,-2.157,0.2323,16.38,0.98,0.7,12.65
NGC_6791,2052604010803984896,290.5633,37.81311,-0.483,-2.023,0.3988,15.34,0.92,0.7,16.36
NGC_6791,2051095583930737024,290.16916,37.51951,-0.489,-1.748,0.3133,17.17,0.95,0.6,15.7
NGC_6791,2051104517463073152,290.35889,37.72738,-0.278,-3.214,0.3585,16.9,1,0.6,7.21
NGC_6791,2052797318689901824,290.37771,37.96666,-0.902,-1.889,0.3525,15.62,0.93,0.6,13.53
NGC_6791,2051305620708744960,289.95029,37.95431,-0.279,-1.437,0.2725,16.44,0.91,0.5,16.62
NGC_2158,3426271746196892928,91.93055,24.13976,-0.158,-1.647,0.173,15.73,0.62,1,4.48
NGC_2158,3426273159245146240,91.87553,24.20886,0.015,-2.061,0.268,14.44,0.7,1,6.63
NGC_2158,3426177398654385152,91.86748,24.09202,-0.105,-2.278,0.2652,15.69,0.79,1,0.51
NGC_2158,3426177639171911680,91.85818,24.11143,-0.099,-1.889,0.2828,15.15,0.78,1,0.77
NGC_2158,3426178188928317312,91.90281,24.14578,-0.348,-2.054,0.2922,16.37,0.92,1,3.58
NGC_2158,3426177359998549376,91.88078,24.08841,-0.26,-1.878,0.3676,15.3,0.77,1,1.2
NGC_2158,3426177398654401408,91.84986,24.0917,-0.042,-1.998,0.1895,15.45,0.61,1,0.79
NGC_2158,3426177673531666944,91.82948,24.11708,-0.067,-2,0.0929,14.93,0.88,1,2.08
NGC_2158,3426177604812829056,91.84698,24.09721,-0.29,-1.969,0.2348,15.35,0.76,1,0.82
NGC_2158,3426177673531665408,91.83499,24.11409,-0.148,-1.864,0.1841,15.59,0.78,1,1.73
NGC_2158,3426177364294636160,91.88162,24.09024,0.084,-2.107,0.1878,14.81,0.73,1,1.19
NGC_2158,3426177845330949120,91.89034,24.11581,-0.304,-1.954,0.1713,15.83,0.96,1,1.85
NGC_2158,3426177364294644608,91.88001,24.08315,-0.105,-1.878,0.1649,15.66,0.73,1,1.37
NGC_2158,3426177433010871168,91.86976,24.10029,-0.032,-2.087,0.2056,15.29,0.67,1,0.43
NGC_2158,3426177295575192064,91.8455,24.08846,-0.315,-1.865,0.2226,15.37,0.75,1,1.1
NGC_2158,3426177634881839616,91.85501,24.10476,0.131,-2.084,0.2219,16.08,0.94,1,0.51
NGC_2158,3426177806675467136,91.86962,24.11221,-0.239,-1.748,0.3168,16.17,0.76,1,0.89
NGC_2158,3426177810971222784,91.87783,24.10875,-0.144,-1.823,0.2272,15.45,0.9,1,1.04
NGC_2158,3426176780178517376,91.78309,24.07978,-0.023,-2.093,0.2513,15.59,0.99,1,4.47
NGC_2158,3426177188200262400,91.84621,24.06579,-0.377,-1.701,0.2155,14.67,0.77,1,2.17
NGC_2158,3426271883635875456,91.95979,24.16116,0.019,-2.351,0.2186,15.16,0.76,0.9,6.52
NGC_2158,3426276148542677888,91.84364,24.22862,-0.246,-1.965,0.2166,16.34,0.75,0.9,7.84
NGC_2158,3426177329931740416,91.86,24.08385,0.145,-2.327,0.1505,16.21,0.91,0.9,0.91
NGC_2158,3426177604812830976,91.84479,24.09681,0.016,-1.887,0.1262,14.38,0.71,0.9,0.95
NGC_2158,3426165956861470848,91.91899,24.09721,-0.127,-1.89,0.2367,15.93,0.81,0.9,3.12
NGC_2158,3426162413509362816,91.87696,23.94852,-0.012,-2.132,0.1652,14.28,0.65,0.9,9.06
NGC_2158,3426165407105724544,91.8726,24.05198,-0.132,-2.029,0.1202,16.26,0.79,0.9,2.87
NGC_2158,3426258861294954496,92.01637,24.08919,0.112,-2.014,0.3846,15.69,1,0.8,8.47
NGC_2158,3426272678208766336,91.96256,24.22551,0.057,-1.77,0.2887,15.62,0.82,0.7,9.37
NGC_2158,3426165024852670592,91.96977,24.07112,0.19,-2.241,0.067,16.14,1,0.7,6.13
NGC_2158,3426176539660380288,91.72332,24.07113,0.122,-2.115,0.4299,13.17,0.69,0.7,7.77
NGC_2158,3426166128660156032,91.91869,24.11426,0.191,-2.262,0.3196,12.96,0.46,0.7,3.23
NGC_2158,3426161593174713216,91.98936,24.00873,-0.472,-1.446,0.2589,14.68,0.7,0.7,8.83
NGC_2158,3426181659261344000,91.75243,24.15478,0.64,-2.425,0.2371,13.15,0.71,0.7,6.87
NGC_2158,3426260132605345664,91.97052,24.15576,-0.473,-1.789,0.4659,15.64,0.95,0.6,6.84
NGC_2158,3426163036284179712,91.82322,23.95069,-0.09,-1.627,0.357,16.01,0.9,0.6,9.14
NGC_2158,3426165372745991680,91.86705,24.04432,0.517,-2.922,0.3208,14.44,0.91,0.6,3.29
NGC_2158,3426166124364359680,91.92722,24.11058,-0.028,-1.63,0.2882,14.72,0.58,0.6,3.63
NGC_2158,3426162280369577088,91.83226,23.94129,0.324,-2.358,0.2271,15.84,0.77,0.5,9.6
Berkeley_18,208559561743484544,80.44588,45.44064,0.833,-0.094,0.1367,16.25,0.97,1,3.58
Berkeley_18,208562585400453120,80.4478,45.45972,0.92,-0.19,-0.0402,16.65,1.2,1,3.65
Berkeley_18,208558320495187200,80.505,45.38779,0.833,-0.15,0.0909,16.24,0.81,1,3.43
Berkeley_18,208543824983422848,80.31699,45.20343,0.828,0.169,0.2235,13.88,0.69,1,16.92
Berkeley_18,208560729974633344,80.31438,45.40387,0.804,-0.287,0.0752,16.29,1.28,0.9,9.4
Berkeley_18,208557873819068672,80.41119,45.34408,1.048,-0.208,0.1628,16.59,1.09,0.9,7.74
Berkeley_18,208565059301539328,80.64207,45.49438,1.099,-0.014,0.1857,17.28,1.09,0.9,5.63
Berkeley_18,208563508816270464,80.40886,45.50233,1.022,0.128,0.2237,16.97,1.03,0.9,6.28
Berkeley_18,208498367050003072,80.66954,45.13832,0.602,0.12,0.2278,14.52,0.59,0.9,19.13
Berkeley_18,208724724707978880,80.02974,45.31753,0.648,0.088,0.0981,16.96,1.06,0.8,22.4
Berkeley_18,208730703302869120,80.02337,45.52274,0.992,-0.021,0.2041,16.71,1.15,0.8,21.89
Berkeley_18,208729397632584960,79.99803,45.42865,0.886,0.001,0.0583,15.99,0.94,0.8,22.45
Berkeley_18,208749807317373568,80.28307,45.5059,0.742,0.038,0.2572,16.4,0.95,0.8,11.11
Berkeley_18,208562340585147136,80.38115,45.45511,0.763,0.368,0.3738,16.39,1.3,0.8,6.35
Berkeley_18,208562516680976896,80.46079,45.45016,0.831,0.052,0.2461,16.43,1.06,0.8,2.99
Berkeley_18,208531902154236160,80.20289,45.19407,0.913,0.055,0.223,16.08,0.99,0.8,20.32
Berkeley_18,208548665408081920,80.72981,45.36607,1.165,-0.201,0.2579,17.17,1.08,0.8,9.53
Berkeley_18,208544649617113472,80.40845,45.23895,0.716,-0.049,0.1008,16.31,1.04,0.8,13.23
Berkeley_18,208546535104330752,80.54586,45.37745,1.269,-0.37,0.0984,16.4,1.22,0.8,3.92
Berkeley_18,208490391292590592,80.42899,45.03013,0.773,-0.113,0.129,16.87,1.2,0.8,25.08
Berkeley_18,208872574664083712,81.06642,45.25558,0.719,-0.003,0.1767,16.74,1.26,0.6,25.19
Berkeley_18,208560695614896256,80.30089,45.40782,0.523,0.468,0.332,15.75,0.75,0.6,9.9
Berkeley_18,208564475186034048,80.5734,45.43997,0.903,0.147,0.2088,16.32,0.95,0.6,1.78
Berkeley_18,208561103634525312,80.25301,45.40201,1.019,-0.349,0.0306,16.83,1.1,0.6,11.94
Berkeley_18,208493144367444736,80.48838,45.1203,0.738,0.21,0.226,17.17,0.82,0.6,19.38
Berkeley_18,208947066577210240,80.87882,45.72586,1.005,0.157,0.2149,16.17,1.15,0.5,22.43
Berkeley_18,208943703617807744,80.91683,45.67812,1.102,-0.144,0.2751,15.87,0.95,0.5,21.52
Berkeley_18,208751976278658176,80.42266,45.58692,0.321,-0.716,0.1337,15.9,1.03,0.5,9.81
Berkeley_18,208540419071368832,80.47739,45.15822,1.607,-0.209,0.1813,16.66,1.12,0.5,17.17
Berkeley_18,208562413601763456,80.4294,45.46742,1.289,0.01,0.2695,16.85,0.97,0.5,4.54
Berkeley_18,208563959789949568,80.44129,45.54751,0.721,-0.362,0.1721,14.48,0.78,0.5,7.37
Berkeley_18,208495927508552576,80.75021,45.16821,0.453,0.269,0.2973,16.45,1.13,0.5,18.85
Tombaugh_2,2929388392780211712,105.79628,-20.81266,-0.559,1.488,0.0632,16.14,0.4,1,1.37
Tombaugh_2,2929386949671313920,105.7387,-20.84747,-0.133,1.2,0.0592,16.9,0.39,1,2.53
Tombaugh_2,2929385781434416256,105.75814,-20.8918,-0.347,1.52,0.0148,17.44,0.67,1,4.38
Tombaugh_2,2929388702017833216,105.81852,-20.80935,-0.141,1.005,0.1526,16.49,0.42,1,2.63
Tombaugh_2,2929388461499747072,105.76874,-20.82544,-0.481,1.403,0.1218,16.55,0.51,1,0.4
Tombaugh_2,2929387220244270848,105.85221,-20.86271,-0.451,1.385,0.1648,17.64,0.64,1,5.12
Tombaugh_2,2929387568146487040,105.82235,-20.82844,-0.38,1.539,0.112,17.24,0.74,0.9,2.81
Tombaugh_2,2929387293268584448,105.84563,-20.84686,-0.399,1.035,0.0807,16.45,0.58,0.9,4.38
Tombaugh_2,2929387190189411328,105.84109,-20.86562,-0.502,1.646,0.082,14.85,0.6,0.9,4.69
Tombaugh_2,2929388392780217088,105.79345,-20.81464,-0.442,1.482,0.0954,17.68,0.61,0.9,1.19
Tombaugh_2,2929387052744567552,105.82517,-20.89544,-0.842,1.436,0.0418,17.74,0.62,0.9,5.38
Tombaugh_2,2929387430707604480,105.80161,-20.85341,-0.348,1.301,0.0338,16.62,0.64,0.9,2.56
Tombaugh_2,2929385747080526080,105.74196,-20.9051,-0.499,1.408,-0.0697,17.21,0.45,0.9,5.39
Tombaugh_2,2929388564572665216,105.78166,-20.811,-0.412,1.382,0.1571,17.16,0.7,0.9,0.72
Tombaugh_2,2929395092929076736,105.83774,-20.73923,-0.455,1.219,0.2281,16.17,0.73,0.8,6.05
Tombaugh_2,2929400556127639552,105.72166,-20.78529,0.016,1.357,0.0885,16.62,0.48,0.8,3.55
Tombaugh_2,2929389114334652288,105.82002,-20.77544,-0.194,1.396,0.0903,17.55,0.54,0.8,3.75
Tombaugh_2,2929388358414324096,105.78396,-20.82439,-0.841,1.25,0.0017,17.45,0.63,0.8,0.66
Tombaugh_2,2929388358414360064,105.78387,-20.82774,0.12,0.599,0.1001,17.18,0.41,0.7,0.76
Tombaugh_2,2929385918879160704,105.7761,-20.87076,-0.124,0.736,0.0382,17.73,0.58,0.7,3.05
Tombaugh_2,2929388220981615744,105.76399,-20.84798,-0.507,1.848,0.16,15.89,0.65,0.6,1.75
Tombaugh_2,2929387636865933696,105.8704,-20.83687,-0.645,1.749,0.0528,16.84,0.5,0.6,5.55
Tombaugh_2,2929400521767929856,105.70267,-20.78992,-0.325,1.644,0.1805,17.58,0.51,0.6,4.33
Tombaugh_2,2929388564578929920,105.77943,-20.81588,-0.434,0.784,0.2495,15.36,0.84,0.5,0.43
Tombaugh_2,2929388255335274624,105.77709,-20.83865,-0.081,1.351,0.2265,16,0.85,0.5,1.14
Tombaugh_2,2929385781440247808,105.74657,-20.89074,-0.421,1.795,0.2075,16.48,0.59,0.5,4.49
Tombaugh_2,2929388392780201600,105.80255,-20.80958,-0.553,1.899,0.0718,17.23,0.58,0.5,1.77
NGC_1798,212898956180709376,77.97215,47.64367,0.976,-0.386,0.2187,16.89,0.97,1,0.06
NGC_1798,213088961236638848,77.88727,47.74727,0.817,-0.42,0.1532,16.26,1,1,0.05
NGC_1798,213087659864521856,77.91371,47.69423,0.912,-0.28,0.197,15.62,1.09,1,0
NGC_1798,213087866022945664,77.91124,47.70502,0.905,-0.255,0.1813,15.7,1.05,1,0.01
NGC_1798,213087694224250624,77.93382,47.69589,1.036,-0.329,0.1995,16.77,0.98,1,0.01
NGC_1798,213087969102151680,77.92068,47.71594,0.941,-0.361,0.2148,16.06,1,1,0.02
NGC_1798,213087689926185216,77.94037,47.69619,0.915,-0.215,0.1034,16.47,0.98,1,0.01
NGC_1798,213090580442308352,77.76879,47.74325,1.054,-0.382,0.1611,16.64,0.95,1,0.11
NGC_1798,213087999163918080,77.93981,47.7271,0.991,-0.237,0.2083,16.19,0.99,1,0.04
NGC_1798,213086143737900672,77.86817,47.67265,1.054,-0.37,0.2602,15.73,0.96,1,0.03
NGC_1798,213088720718412032,77.88346,47.72436,0.885,-0.3,0.1689,16.5,0.95,1,0.03
NGC_1798,212922660102562688,78.10313,47.67055,1.106,-0.348,0.2043,15.7,1.02,0.9,0.12
NGC_1798,213086830932653952,77.71554,47.66823,0.956,-0.365,0.055,16.51,0.89,0.9,0.13
NGC_1798,213087861724880512,77.89791,47.6921,0.893,-0.342,0.2052,16.41,0.92,0.9,0.01
NGC_1798,212894901731941248,78.0456,47.56111,1.044,-0.416,0.2448,15.87,0.91,0.8,0.15
NGC_1798,212898956180709504,77.97288,47.643,0.935,-0.203,0.218,16.24,0.96,0.8,0.06
NGC_1798,212899639077793408,77.92237,47.63842,0.519,-0.502,0.1115,15.3,0.89,0.7,0.05
NGC_1798,212900468009189248,77.99217,47.71149,0.646,-0.384,0.0728,14.67,0.71,0.7,0.05
NGC_1798,212899334137828224,77.99348,47.65796,0.92,-0.192,0.2289,16.06,0.75,0.7,0.06
NGC_1798,213087934742418432,77.8996,47.71843,0.776,-0.166,0.1397,16.25,1.01,0.7,0.02
NGC_1798,213087797303450368,77.94783,47.71362,0.858,-0.272,0.2687,16.57,0.98,0.7,0.03
NGC_1798,213086938310079616,77.7304,47.67089,1.223,-0.327,0.2158,15.96,0.74,0.7,0.12
NGC_1798,213090473069377920,77.83558,47.74611,0.801,-0.34,0.3425,15.52,1.01,0.6,0.07
NGC_1798,213091881814599424,77.79078,47.82242,0.767,-0.152,0.1958,16.68,0.84,0.6,0.15
NGC_1798,213093432300502784,77.86277,47.85478,0.679,-0.16,0.1709,15.29,0.9,0.5,0.16
NGC_1798,213087797303448320,77.95086,47.71616,0.658,-0.352,0.3079,16.29,1,0.5,0.03
NGC_1798,213091370716274304,77.73727,47.79112,0.992,-0.545,0.1642,14.79,0.77,0.5,0.15
Berkeley_32,3129899353302669696,104.54582,6.43524,-0.092,-1.741,0.3493,16.14,0.72,1,0.95
Berkeley_32,3129899215863743360,104.52104,6.41646,-0.041,-1.743,0.3549,15.84,0.78,1,1.12
Berkeley_32,3129899005405264640,104.53879,6.41049,-0.284,-1.766,0.2581,15.5,0.6,1,1.44
Berkeley_32,3129711199374866176,104.55969,6.38267,-0.558,-1.616,0.286,16.1,0.74,1,3.5
Berkeley_32,3129899422022149760,104.53241,6.44154,-0.233,-1.476,0.4306,15.99,0.75,0.9,0.53
Berkeley_32,3129908355554017792,104.62777,6.56066,-0.271,-1.517,0.3242,15.46,0.67,0.9,9.62
Berkeley_32,3129899250223469568,104.53401,6.42338,-0.319,-1.645,0.1898,14.54,0.29,0.9,0.62
Berkeley_32,3129899349002690560,104.5525,6.44173,-0.256,-1.426,0.4612,15.85,0.83,0.9,1.44
Berkeley_32,3129899868699136000,104.44201,6.43632,-0.435,-1.862,0.3248,15.78,0.71,0.9,5.24
Berkeley_32,3129710610961526912,104.56991,6.36821,-0.069,-1.829,0.2599,15.58,0.8,0.9,4.55
Berkeley_32,3129708862912681472,104.52956,6.30677,-0.743,-1.672,0.1425,16.02,0.72,0.9,7.57
Berkeley_32,3129900384094847104,104.46332,6.4686,-0.27,-2.014,0.1797,15.77,0.63,0.8,4.51
Berkeley_32,3129922580485778048,104.4136,6.59748,-0.217,-1.513,0.2003,16.04,0.75,0.8,12
Berkeley_32,3129711336813810048,104.59247,6.40077,-0.714,-1.497,0.1229,15.66,0.78,0.8,4.19
Berkeley_32,3129684776736116992,104.43834,6.2528,-0.198,-1.53,0.2828,14.66,0.42,0.8,12.11
Berkeley_32,3129710306021660160,104.62265,6.36816,-0.215,-1.688,0.3348,16.19,0.72,0.8,6.75
Berkeley_32,3129901414887073152,104.34712,6.42122,-0.305,-1.898,0.3066,15.69,0.69,0.7,10.92
Berkeley_32,3129899250223463552,104.5326,6.43257,0.121,-1.536,0.4126,15.67,0.75,0.7,0.15
Berkeley_32,3129903820068656384,104.44288,6.52744,-0.338,-1.254,0.2577,15.24,0.46,0.7,7.68
Berkeley_32,3129905091378942336,104.58828,6.45765,-0.995,-1.375,0.2323,15.11,0.83,0.7,3.77
Berkeley_32,3129906259610022272,104.57627,6.51151,0.157,-1.76,0.2885,13.48,0.45,0.7,5.45
Berkeley_32,3129710168582714496,104.60121,6.34765,-0.432,-1.316,0.1627,15.94,0.81,0.7,6.65
Berkeley_32,3129708347516623744,104.4838,6.27886,0.052,-1.968,0.3728,16.64,0.74,0.7,9.64
Berkeley_32,3129899765619590912,104.44607,6.41989,-0.693,-1.306,0.3443,16.37,0.74,0.6,5.06
Berkeley_32,3129715941018742144,104.67113,6.37655,-0.162,-1.806,0.4788,14.33,0.51,0.6,9.07
Berkeley_32,3129900452814293120,104.49975,6.48347,-0.633,-1.3,0.2419,16.06,0.62,0.5,3.52
Berkeley_32,3129708656754270208,104.44961,6.30186,0.186,-1.711,0.4878,15.38,0.81,0.5,9.21
King_2,424418398934484480,12.74815,58.20769,-1.493,-0.701,0.0855,15.75,0.82,1,1.2
King_2,424418364574755328,12.74183,58.19666,-1.357,-0.872,0.1708,16.43,0.69,1,0.52
King_2,424323291174262400,12.5856,58.11608,-1.345,-0.764,0.286,16.19,0.85,0.9,6.54
King_2,424416887106018688,12.73541,58.18567,-1.359,-0.708,0.1086,16.24,0.71,0.9,0.22
King_2,424416887106023040,12.73606,58.1825,-1.375,-1,0.1061,16.92,0.99,0.9,0.36
King_2,424418364574772736,12.76377,58.1849,-1.557,-1.003,0.0086,17.55,0.87,0.9,0.74
King_2,425168094064999808,12.55157,58.19165,-1.322,-0.763,0.354,16.99,1.01,0.9,5.99
King_2,424322603984441216,12.63036,58.06521,-1.364,-0.69,0.4289,16.15,1.02,0.8,8.15
King_2,424323359898676864,12.56605,58.11928,-1.308,-0.994,0.3059,14.79,0.51,0.8,6.9
King_2,424323291179201024,12.58469,58.11557,-1.269,-0.973,0.3115,14.82,0.52,0.8,6.58
King_2,424416921465758976,12.72916,58.18317,-1.439,-1.007,0.1397,17.1,0.95,0.8,0.47
King_2,424413107529170944,12.81573,58.09876,-1.331,-0.998,0.0855,17.77,0.77,0.8,5.85
King_2,424416887106024704,12.75906,58.18208,-1.351,-0.708,0.3694,17.3,0.96,0.8,0.67
King_2,425168162784475008,12.53318,58.20797,-1.289,-1.253,0.0159,17.14,1.05,0.8,6.67
King_2,424412278595758336,12.99192,58.08068,-1.464,-0.623,0.1886,17.14,1.08,0.7,10.22
King_2,424418433288302592,12.73157,58.20822,-1.118,-1.161,0.0648,17.96,1.01,0.7,1.24
King_2,424417265062966656,12.60059,58.14806,-1.219,-0.66,0.1503,16.76,0.78,0.7,5.04
King_2,424416096832121088,12.75591,58.10744,-1.025,-0.947,0.136,16.61,1.01,0.7,4.85
King_2,424413932168605824,13.02124,58.12861,-1.362,-1.117,0.1784,16.63,1.07,0.7,9.56
King_2,424416887106023168,12.7411,58.1821,-1.38,-0.623,0.3338,17.21,0.64,0.7,0.35
King_2,424421456951191040,12.94421,58.23062,-1.272,-0.71,0.2625,17.11,1.09,0.6,6.91
King_2,424418360269944320,12.75104,58.19722,-1.127,-0.671,0.1909,16.68,0.77,0.6,0.63
King_2,424413141894659328,12.8968,58.08145,-1.145,-0.762,0.3821,15.69,0.84,0.6,8.07
King_2,424416917160868480,12.71831,58.18492,-1.686,-0.597,0.1174,17.11,0.9,0.5,0.74
King_2,424414207046475904,12.95196,58.15678,-0.996,-1.146,0.2071,16.71,1.07,0.5,6.93
King_2,424416234271059072,12.67682,58.11418,-1.064,-0.906,0.025,17.21,0.96,0.5,4.87
NGC_188,573939954395446016,12.26408,85.257,-2.197,-1.258,0.422,13.37,0.65,1,2.44
NGC_188,573968576057423360,11.08923,85.44167,-2.398,-0.797,0.5072,13.25,0.45,1,12.35
NGC_188,573941328784984320,11.72475,85.24364,-2.071,-1.18,0.5083,14.24,0.66,1,0.36
NGC_188,573944283722429952,10.84943,85.3424,-2.318,-0.967,0.5032,15,0.77,1,7.52
NGC_188,573939679517550848,12.54543,85.24391,-2.212,-0.952,0.532,15.27,0.75,1,3.71
NGC_188,573941397504457344,11.96482,85.25252,-2.05,-0.739,0.4866,13.91,0.66,1,0.97
NGC_188,573943218570566528,11.48632,85.29158,-2.45,-1.078,0.5401,14.04,0.7,1,3.24
NGC_188,573941844181066368,10.9231,85.22147,-2.46,-1.043,0.4464,14.59,0.65,1,4.56
NGC_188,573942290857628288,10.52743,85.27979,-2.28,-1.049,0.5189,14.06,0.76,1,6.65
NGC_188,573941294425258496,11.79911,85.22543,-2.193,-0.986,0.4715,14.35,0.79,1,1.11
NGC_188,573943149851092736,11.59615,85.28708,-2.811,-1.047,0.5337,14.87,0.78,1,2.77
NGC_188,573938408207239296,12.08343,85.22419,-2.46,-1.032,0.5169,14.1,0.4,1,1.85
NGC_188,573942943692668416,11.80592,85.27774,-2.59,-1.263,0.4829,14.4,0.8,1,2.02
NGC_188,573942153418684288,10.58602,85.26097,-2.266,-1.078,0.5153,13.24,0.72,1,6.1
NGC_188,573940091834388224,12.40401,85.27746,-2.589,-1.145,0.5191,14.86,0.79,1,3.61
NGC_188,573973111543073024,13.63122,85.53589,-1.785,-0.445,0.5066,14.77,0.73,0.9,19.61
NGC_188,573939404639640704,13.10791,85.25774,-2.159,-1.503,0.4704,13.49,0.8,0.9,6.55
NGC_188,573944077564006528,11.09882,85.32837,-2.75,-1.313,0.4836,14.75,0.66,0.9,6.12
NGC_188,573938305128033920,12.22733,85.2102,-1.571,-0.967,0.5114,14.6,0.7,0.8,2.95
NGC_188,573941809821331456,11.1698,85.21921,-1.727,-1.362,0.47,15.52,0.77,0.8,3.46
NGC_188,573998091072694912,6.68582,85.30999,-1.777,-1.459,0.4831,14.91,0.7,0.8,25.55
NGC_188,573944111923749760,11.32641,85.32219,-2.4,-0.624,0.4757,13.74,0.67,0.7,5.23
Berkeley_21,3424170171457743616,87.95195,21.77664,0.321,-1.106,0.2232,15.31,0.81,0.9,2.44
Berkeley_21,3424171266672521216,87.91149,21.80952,0.105,-1.07,0.0339,17.13,0.99,0.8,1.04
Berkeley_21,3424160104054580224,88.01784,21.81216,1.342,-0.993,0.3976,15.34,1.16,0.6,4.89
Berkeley_21,3424167933777792000,87.76211,21.77652,0.504,-1.153,0.1432,17.35,1.04,0.6,9.59
Berkeley_21,3424173122100077696,87.90875,21.86356,1.061,-1.16,0.4268,17.14,1.28,0.6,3.31
Berkeley_21,3424176596728428672,87.88952,21.9382,0.125,-0.878,0.0769,17.25,1.23,0.6,7.9
Berkeley_21,3424171301032318976,87.92577,21.82679,0.506,-0.874,0.1935,16.88,1.15,0.6,0.91
Berkeley_21,3424172812860856192,87.93581,21.84288,1.421,-0.943,0.3606,17.66,1.18,0.6,1.88
Berkeley_21,3424157488417136128,87.94274,21.69135,0.174,-0.962,0.1954,17.79,1.35,0.5,7.27
Berkeley_21,3424157355275327744,88.02262,21.73827,0.933,-0.959,0.1066,15.8,0.93,0.5,6.79
Berkeley_21,3424158867103809408,88.04098,21.75143,0.193,-1.02,0.2197,15.07,0.94,0.5,7.17
Berkeley_21,3424151647261552000,87.88593,21.66014,0.914,-1.082,0.2044,16.93,0.94,0.5,9.43
Berkeley_21,3424151372383610880,87.91018,21.6416,0.521,-0.752,0.2898,16.03,0.8,0.5,10.28
Berkeley_21,3424170682558855552,87.84487,21.77813,0.642,-0.541,0.411,17.52,1.11,0.5,5.15
Berkeley_21,3424175733438798336,87.81029,21.90855,0.685,-1.32,0.126,17.64,1.36,0.5,8.83
Berkeley_21,3424174530847824896,87.84762,21.86069,0.272,-1.024,0.3171,15.64,1.07,0.5,5.43
Berkeley_21,3424174191546830976,87.78938,21.82691,0.444,-1.23,0.1003,17.6,1.28,0.5,7.88
Berkeley_21,3424171266672524288,87.90735,21.80964,0.309,-0.685,0.2841,17.95,1.35,0.5,1.26
Berkeley_21,3424171202249574656,87.87937,21.79902,1.323,-0.564,0.4315,14.09,1,0.5,2.92
Berkeley_21,3424175767798541440,87.82426,21.91188,-0.077,-0.531,0.3648,15.93,0.8,0.5,8.4
Berkeley_17,3446829422479617408,80.1084,30.42767,2.925,-0.184,0.3367,16.63,1.2,1,8.84
Berkeley_17,3446836496287587840,80.16309,30.62845,2.384,-0.205,0.2121,16.47,1.38,1,3.68
Berkeley_17,3446835946531570304,80.1239,30.57506,2.495,-0.484,0.1047,16.96,1.42,1,0.32
Berkeley_17,3446882641416180864,79.98718,30.61742,2.643,0.168,0.4429,17.15,1.36,1,7.82
Berkeley_17,3446832343054167808,80.21208,30.55078,2.674,-0.215,0.3009,16.25,1.38,1,4.46
Berkeley_17,3446832480496242432,80.24271,30.56889,2.344,-0.202,0.4928,16.41,1.36,1,5.83
Berkeley_17,3446835641592184576,80.17707,30.58661,2.63,-0.482,0.2335,15.59,1.23,1,2.54
Berkeley_17,3446835332354541312,80.15889,30.59454,2.862,-0.282,0.33,15.97,1.52,1,1.93
Berkeley_17,3446836461932130304,80.14828,30.61815,2.693,-0.393,0.4203,16.35,1.13,1,2.81
Berkeley_17,3446881305684200448,79.97763,30.55903,2.434,-0.361,0.224,16.73,1.26,1,7.92
Berkeley_17,3446833648727396608,80.10607,30.54484,2.549,-0.46,0.1104,17.1,1.32,1,2.14
Berkeley_17,3446881855439992704,80.01237,30.60203,2.48,-0.569,0.0911,17.32,1.43,1,6.3
Berkeley_17,3446833786166388480,80.01883,30.49838,2.394,-0.559,0.2516,16.57,1.24,0.9,7.32
Berkeley_17,3446836466225901440,80.14899,30.61923,2.444,-0.126,0.5843,16.41,1.43,0.9,2.88
Berkeley_17,3446835018818580480,80.15734,30.5617,2.745,-0.387,0.1471,17.08,1.32,0.9,1.59
Berkeley_17,3446883328611035392,80.09029,30.63824,2.4,-0.491,0.1688,17.29,1.43,0.9,4.36
Berkeley_17,3446860621121929472,80.20321,30.72698,2.385,-0.804,0.3322,15.93,1.37,0.8,9.92
Berkeley_17,3446835641592183808,80.16991,30.59416,2.158,-0.741,0.2234,17.15,1.4,0.7,2.39
Berkeley_17,3446883676506095104,80.06151,30.6698,2.275,0.216,0.4798,17.12,1.32,0.7,6.74
Berkeley_17,3446884947816398336,80.06819,30.72952,2.599,-0.692,0.5506,16.9,1.48,0.7,9.86
King_11,2211214644780528640,356.9622,68.51174,-3.509,-0.634,0.2039,16.69,1.54,1,7.53
King_11,2211219180265952768,357.00274,68.61799,-3.369,-0.433,0.2227,16.62,1.53,1,2.25
King_11,2211220142338605056,356.92844,68.64505,-3.303,-0.566,0.2028,16.52,1.84,1,0.65
King_11,2211220142333927680,356.93692,68.64844,-3.462,-0.739,0.3916,16.96,1.72,1,0.92
King_11,2211125275102450816,356.8724,68.59881,-3.382,-0.7,0.2072,16.21,1.54,1,2.39
King_11,2211126580772483968,356.89724,68.66484,-3.298,-0.748,0.2205,16.3,1.84,1,1.76
King_11,2211126374614057344,356.86514,68.64674,-3.379,-0.632,0.2658,16.36,1.89,1,1.21
King_11,2211126580772484224,356.87185,68.65929,-3.412,-0.711,0.3389,16.51,1.61,1,1.65
King_11,2214223011673276288,356.9723,68.71745,-3.377,-0.601,0.2021,14.91,1.69,1,5.06
King_11,2214223179172287744,356.90589,68.71708,-3.404,-0.665,0.3523,16.57,1.66,1,4.86
King_11,2211219283345159168,357.0597,68.64171,-3.913,-0.377,0.2086,16.7,1.76,0.8,3.24
King_11,2211122217085752704,356.85195,68.56147,-3.535,-0.927,0.1088,17.08,1.79,0.8,4.66
King_11,2211121014494927232,356.80213,68.50905,-3.388,-0.798,0.2187,17.23,1.64,0.8,7.98
King_11,2211126301593476864,356.889,68.63193,-3.463,-0.458,0.4189,17.22,1.64,0.8,0.55
King_11,2211221070051520384,357.14226,68.7384,-4.07,-0.586,0.2246,16.54,1.39,0.7,7.93
King_11,2214223011673276416,356.97996,68.71822,-3.743,0.061,0.4876,16.42,1.56,0.7,5.15
King_11,2211217977675120640,357.36128,68.65618,-3.797,-1.026,0.2946,16.56,1.84,0.5,9.89
King_11,2211125412541397248,356.81044,68.60519,-2.979,-0.22,0.3522,15.15,1.64,0.5,2.88
NGC_2141,3341820117792344832,90.71182,10.46373,-0.029,-0.744,0.234,14.91,0.49,1,1.51
NGC_2141,3341819155719698816,90.71375,10.41908,-0.188,-0.626,0.1132,15.39,0.58,1,2.25
NGC_2141,3341820010414002944,90.71085,10.45475,-0.078,-0.898,0.1251,15.33,0.72,1,1.38
NGC_2141,3341820044773741184,90.71741,10.45342,-0.024,-0.733,0.1544,14.91,0.84,1,0.98
NGC_2141,3341839187447096192,90.66789,10.56348,-0.117,-0.663,0.319,15.99,0.86,1,7.79
NGC_2141,3341825237393323008,90.76037,10.47449,-0.116,-0.728,0.175,15.21,0.59,1,2.09
NGC_2141,3341820049072865152,90.73006,10.45177,-0.152,-0.762,0.2713,15.8,0.8,1,0.23
NGC_2141,3341832143700766592,90.6847,10.49691,-0.141,-0.716,0.1551,13.92,0.45,1,4
NGC_2141,3341820323951021056,90.7037,10.47913,-0.272,-0.603,0.1697,15.08,0.79,1,2.45
NGC_2141,3341819980353411840,90.69653,10.44673,-0.14,-0.591,0.3635,15.55,0.54,1,2.22
NGC_2141,3341722428757461120,90.55386,10.28245,-0.117,-0.917,0.1338,15.78,0.67,1,14.67
NGC_2141,3341722467415039872,90.57169,10.29237,-0.168,-0.735,0.1293,16.06,0.69,1,13.5
NGC_2141,3341818498585402368,90.72043,10.3993,-0.108,-0.642,0.1402,15.4,0.63,0.9,3.2
NGC_2141,3341813039686362496,90.63784,10.26959,0.093,-0.966,0.4478,14.75,0.8,0.9,12.27
NGC_2141,3341825134314117248,90.76608,10.45433,-0.011,-0.894,-0.1556,14.84,0.99,0.9,1.9
NGC_2141,3341845097322010496,90.7148,10.71451,-0.212,-0.969,0.0991,15.89,0.55,0.8,15.85
NGC_2141,3341817261634726272,90.57153,10.33553,0.075,-0.448,0.1862,15.57,0.64,0.7,11.82
NGC_2141,3341821492182105600,90.91054,10.45217,0.529,-0.989,0.2612,15.05,0.74,0.5,10.41
Berkeley_39,3056682702210133632,116.70153,-4.62616,-1.598,-1.663,0.1539,16.72,0.71,1,2.33
Berkeley_39,3056679128794892160,116.67757,-4.679,-1.862,-1.423,0.2403,16.88,0.67,1,1.68
Berkeley_39,3056584914395437440,116.612,-4.7427,-1.712,-1.329,0.3306,15.94,0.74,0.7,7.12
Berkeley_39,3056584845675946112,116.6594,-4.73091,-1.755,-1.669,0.1702,15.16,0.41,1,4.7
Berkeley_39,3056679369315529728,116.73059,-4.67561,-1.835,-1.667,0.2409,14.76,0.52,1,1.82
Berkeley_39,3056679472394757504,116.70512,-4.67468,-1.879,-1.567,0.1754,15.25,0.69,1,0.61
Berkeley_39,3056682874008981888,116.68006,-4.62432,-1.692,-1.355,0.213,16.32,0.75,1,2.77
Berkeley_39,3056679369315528832,116.72445,-4.67072,-1.64,-1.918,-0.0922,16.29,0.77,0.8,1.38
Berkeley_39,3056681121662156672,116.74741,-4.63434,-1.363,-1.722,0.3232,16.19,0.63,1,3.28
Berkeley_39,3056684214038601344,116.72419,-4.60422,-1.759,-1.586,0.2372,15.34,0.45,1,3.88
Berkeley_39,3056684248398335616,116.73739,-4.59998,-1.515,-1.554,0.21,16.52,0.66,1,4.43
Berkeley_39,3056679609833686400,116.73172,-4.65667,-1.71,-1.668,0.2078,15.2,0.47,1,1.84
Berkeley_39,3056678750840279296,116.69945,-4.71175,-1.738,-1.629,0.158,15.08,0.58,1,2.8
Berkeley_39,3056679060077913088,116.68629,-4.68342,-1.655,-1.705,0.2546,15.44,0.33,1,1.45
Berkeley_39,3056678441602599296,116.74243,-4.69011,-1.967,-1.876,0.2217,16.18,0.52,1,2.84
Berkeley_39,3056682083734884736,116.66626,-4.66237,-1.918,-1.68,0.1212,16.26,0.62,1,2.14
Berkeley_39,3056679231876595584,116.70588,-4.68347,-1.699,-1.873,0.1779,15.78,0.72,1,1.13
Berkeley_39,3056681190381627008,116.74305,-4.61986,-1.472,-1.517,0.273,16.02,0.81,1,3.65
NGC_7789,422582214514873728,0.44156,57.25154,-0.656,-1.917,0.4676,12.19,0.48,1,48
NGC_7789,1998076029425996160,358.3688,57.13789,-0.886,-1.551,0.4091,13.9,0.62,0.7,40.11
NGC_7789,1994967783076664960,358.7167,56.24048,-1.056,-1.566,0.441,14.22,0.66,1,35.59
NGC_7789,1995020211733162112,359.5219,56.78412,-0.774,-2.024,0.4274,13.87,0.53,1,7.09
NGC_7789,1995021178110590464,359.5741,56.82774,-0.999,-1.841,0.4835,13.8,0.63,1,9.98
NGC_7789,1995011832262285568,359.2042,56.63853,-0.732,-2.001,0.4912,11.97,0.42,1,6.76
NGC_7789,1995012897413751936,359.2259,56.67965,-0.946,-2.319,0.4527,13.71,0.53,0.9,4.51
NGC_7789,1995014237443527680,359.4574,56.7436,-1.147,-1.854,0.4908,14.31,0.62,1,4.19
NGC_7789,1995061344646874368,359.2459,56.79252,-0.782,-1.811,0.5328,12.86,0.54,1,4.93
NGC_7789,1995050929341057536,358.5221,56.67006,-0.969,-1.854,0.5113,12.24,0.38,1,26.95
NGC_7789,1995062100561135232,359.3614,56.8072,-1.012,-1.488,0.4909,13.71,0.42,0.8,4.95
NGC_7789,1995010973268848512,359.483,56.71209,-0.921,-2.061,0.4625,14.32,0.67,1,4.97
NGC_7789,1995014924638265472,359.3765,56.74175,-0.933,-1.789,0.4058,12.77,0.54,1,1.68
NGC_7789,1995012897413744384,359.2362,56.68643,-0.87,-2.183,0.4692,12.36,0.36,0.9,3.99
NGC_7789,1994778907595519616,359.1913,55.97715,-0.951,-1.744,0.5415,11.83,0.24,0.9,45.18
NGC_7789,1994740699564939008,359.8035,56.10691,-0.582,-2.096,0.3856,13.63,0.63,0.8,40.28
NGC_6819,2076299826420542080,295.32275,40.18429,-2.941,-3.952,0.3958,12.9,0.56,1,0.39
NGC_6819,2076297627397174528,295.23882,40.08218,-2.966,-3.937,0.3468,14.25,0.51,1,7.62
NGC_6819,2076299822113010560,295.32085,40.1763,-2.9,-3.909,0.3557,13.64,0.75,1,0.86
NGC_6819,2076299963859447936,295.27761,40.17509,-2.924,-3.898,0.367,14.16,0.59,1,2.43
NGC_6819,2076299826420527232,295.31762,40.17434,-2.773,-3.799,0.3884,14.75,0.58,1,1.03
NGC_6819,2076299001786810624,295.33836,40.1563,-2.961,-3.823,0.3462,14.3,0.51,1,2.08
NGC_6819,2076299757701067264,295.33925,40.16735,-2.953,-3.987,0.3493,13.86,0.69,1,1.47
NGC_6819,2076392769511459712,295.42765,40.19446,-2.914,-3.813,0.3881,12.78,0.32,1,4.62
NGC_6819,2076393834663321344,295.36551,40.21999,-2.797,-4.049,0.3338,14.63,0.5,1,2.52
NGC_6819,2076393662864627840,295.36757,40.2151,-2.995,-3.902,0.3663,13.99,0.71,1,2.39
NGC_6819,2076393594145246080,295.44308,40.27553,-2.904,-3.986,0.3808,14.62,0.54,1,7.39
NGC_6819,2076485094125243136,295.14816,40.09299,-2.867,-3.699,0.3788,14.14,0.41,1,10.05
NGC_6819,2076492550188673024,295.17496,40.36374,-2.898,-3.895,0.3859,13.28,0.21,1,12.53
NGC_6819,2076299688981549312,295.29882,40.16309,-2.762,-3.541,0.3382,12.97,0.48,0.9,2.06
NGC_6819,2076294019624475648,295.40473,40.01189,-2.865,-4.362,0.4365,12.69,0.55,0.7,11.26
NGC_2506,3038066183645981056,120.19335,-10.73996,-2.728,3.522,0.4187,14.02,0.33,1,10.98
NGC_2506,3038058590143955968,119.98425,-10.69498,-2.647,3.723,0.2636,14.51,0.11,1,4.92
NGC_2506,3038043746737012096,120.02699,-10.79952,-2.762,3.714,0.3174,15.38,0.44,1,1.88
NGC_2506,3038046358077125248,119.99902,-10.75405,-2.454,3.936,0.2715,14.17,0.28,1,1.3
NGC_2506,3038042784664224000,120.11296,-10.76647,-2.837,3.864,0.3618,14.71,0.3,1,6.08
NGC_2506,3038044674450004736,119.97925,-10.79276,-2.447,3.969,0.3536,13.81,0.13,1,2.16
NGC_2506,3038041960030564864,120.08987,-10.83247,-2.606,3.709,0.2165,14.41,0.45,1,5.9
NGC_2506,3038049862770680832,119.77495,-10.86142,-2.711,3.754,0.2514,14.85,0.3,1,14.83
NGC_2506,3038044880608396672,119.99207,-10.76499,-2.448,3.841,0.345,13.64,0.37,1,1.16
NGC_2506,3038046598595270656,120.00583,-10.73528,-2.533,3.849,0.3926,14.33,0.25,1,2.27
NGC_2506,3038043776795821312,120.03826,-10.80378,-2.519,3.934,0.2414,12.11,-0.01,1,2.48
NGC_2506,3038043746737021440,120.02733,-10.81019,-2.578,3.833,0.2828,12.8,0.1,1,2.45
NGC_2506,3038045052407110656,119.97347,-10.76332,-2.371,4.072,0.2862,14.47,0.44,1,2.22
NGC_2506,3038043987255167104,120.0292,-10.78645,-2.499,3.994,0.3013,15.66,0.46,1,1.39
NGC_2243,2893946150845192192,97.34804,-31.21382,-1.169,5.192,0.2662,15.35,0.58,1,4.74
NGC_2243,2893943058468739584,97.3849,-31.24128,-1.402,5.165,0.2177,15.56,0.49,0.8,2.49
NGC_2243,2893942749231117568,97.38075,-31.27058,-1.228,5.565,0.1725,14.21,0.06,1,1
NGC_2243,2893942783590846080,97.40328,-31.27559,-1.392,5.138,0.2247,15.3,0.15,1,0.57
NGC_2243,2893948212429455360,97.41689,-31.14156,-1.311,5.361,0.117,16.23,0.47,0.9,8.5
NGC_2243,2893941890237671936,97.39986,-31.29951,-1.295,5.514,0.2613,15.12,0.14,1,1.08
NGC_2243,2893942062036322688,97.42327,-31.26153,-1.405,5.464,0.1901,15.33,0.59,1,1.9
NGC_2243,2893946563162115712,97.23402,-31.23486,-1.135,5.142,0.1573,15.99,0.51,0.7,8.72
NGC_2243,2893942921029820544,97.36462,-31.27214,-1.334,5.505,0.2047,15.22,0.17,1,1.66
NGC_2243,2893942714871393280,97.36877,-31.27801,-1.137,5.73,0.3024,16.51,0.57,1,1.36
NGC_2243,2893941924597399936,97.40938,-31.29436,-1.604,5.588,0.3004,16.75,0.54,1,1.04
NGC_2243,2893941099963718528,97.3796,-31.34984,-1.158,5.707,0.2251,15.11,0.25,1,4.14
NGC_2243,2893941821518204544,97.40519,-31.3189,-1.347,5.653,0.185,15.38,0.64,1,2.27
NGC_2243,2893942680508317696,97.39791,-31.28031,-1.224,5.58,0.1932,16.81,0.59,0.9,0.18
Melotte_66,5507211404296051712,111.43098,-47.71431,-1.432,2.388,0.195,15.49,0.32,1,5.99
Melotte_66,5507235151174063744,111.52107,-47.6542,-1.339,2.657,0.2471,15.8,0.31,1,2.79
Melotte_66,5507238449709052544,111.5008,-47.59402,-1.388,2.711,0.1948,14.46,0.29,1,6.18
Melotte_66,5507234086022206208,111.55695,-47.68872,-1.4,2.749,0.1641,16.16,0.74,1,0.68
Melotte_66,5507236216326238336,111.71883,-47.60413,-1.469,2.87,0.2161,15.67,0.39,1,7.63
Melotte_66,5507234395259864448,111.58644,-47.69621,-1.492,2.69,0.1274,16.08,0.4,1,0.86
Melotte_66,5507234429619602944,111.61124,-47.67402,-1.492,2.883,0.1954,16.3,0.51,1,1.67
Melotte_66,5507234429619604224,111.60269,-47.68522,-1.608,2.681,0.288,16.69,0.6,1,1.19
Melotte_66,5507234086022210688,111.57101,-47.68413,-1.498,2.906,0.2113,15.47,0.32,1,0.09
Melotte_66,5507045829014857344,111.53025,-47.78478,-1.245,2.805,0.2529,16.23,0.37,1,6.23
Melotte_66,5507046344410918528,111.58186,-47.70573,-1.361,2.75,0.1978,16.06,0.74,1,1.29
Melotte_66,5507040911275275904,111.69636,-47.87102,-1.551,2.702,0.1505,15.95,0.67,1,12.21
Melotte_66,5507046653648577664,111.60693,-47.71108,-1.569,2.672,0.1609,15.54,0.47,1,2.08
Melotte_66,5507232264956110720,111.29429,-47.4741,-1.879,2.128,0.2676,16.33,0.76,0.6,16.95
NGC_6253,5935945523857348992,254.8241,-52.73958,-4.554,-5.387,0.48,13.62,0.88,0.9,2.35
NGC_6253,5935946447216151040,254.77209,-52.64591,-4.978,-5.068,0.5808,15.07,0.94,0.9,3.97
NGC_6253,5935952224007140608,254.83656,-52.61216,-4.521,-5.243,0.5722,14.14,0.97,0.9,6.35
NGC_6253,5935945656950228224,254.83991,-52.72607,-4.674,-5.324,0.5804,12.04,0.72,0.8,2.4
NGC_6253,5935945794380138368,254.77103,-52.71034,-5.121,-4.893,0.5254,12.6,0.62,0.8,0.27
NGC_6253,5935992321825776256,254.59583,-52.68499,-4.53,-5.157,0.5601,14.38,0.98,0.8,6.81
NGC_6253,5935945833095048448,254.78466,-52.70944,-3.882,-5.144,0.5755,14.13,0.69,0.7,0.28
NGC_6253,5935945558217111552,254.81842,-52.71809,-4.722,-5.576,0.5783,13.64,0.91,0.7,1.51
NGC_6253,5935993657519454336,254.70078,-52.60926,-4.893,-5.152,0.5818,14.79,0.97,0.7,6.77
NGC_6253,5935990947436179840,254.61786,-52.74987,-4.549,-5.607,0.5788,13.9,0.86,0.7,6.24
NGC_6253,5935945661296321024,254.82665,-52.71885,-4.321,-5.534,0.5833,13.38,0.76,0.6,1.81
NGC_6253,5935945626936606720,254.7974,-52.71292,-4.547,-5.462,0.4986,14.39,0.96,0.6,0.7
NGC_6253,5935945833095055744,254.78623,-52.70214,-4.616,-5.408,0.5775,13.43,0.87,0.6,0.66
NGC_6253,5935945798735297792,254.77766,-52.72393,-5.241,-5.471,0.5361,13.48,0.78,0.5,0.71
Berkeley_19,3446529736841701888,81.08132,29.54777,0.946,-0.252,0.1595,16.45,0.86,1,3.87
Berkeley_19,3446530728975261056,80.98285,29.59967,1.042,-0.37,0.1127,16.82,0.99,0.9,2.19
Berkeley_19,3446530763334996224,80.9963,29.59854,0.908,-0.311,0.1257,17.33,0.84,0.9,1.68
Berkeley_19,3446536162112745216,81.03909,29.71148,1.058,-0.24,0.1469,16.59,0.86,0.8,8.29
Berkeley_19,3446532519980491520,81.07136,29.62922,0.654,-0.474,0.2291,17.18,0.91,0.8,4.42
Berkeley_19,3446530419737571712,81.02132,29.57486,1.258,-0.334,0.0794,17.1,0.74,0.7,0.38
Berkeley_19,3446533756931101312,80.95332,29.61191,0.805,-0.649,0.1585,16.03,0.75,0.6,3.86
Berkeley_19,3446531660987028608,81.10945,29.61834,0.675,-0.327,0.2417,17.06,0.95,0.6,5.61
Berkeley_19,3446523620808297984,80.9955,29.52227,0.476,-0.67,0.0434,17.42,0.9,0.6,3.3
Berkeley_19,3445778529879807104,81.04691,29.47473,0.531,-0.366,0.1306,17.2,0.72,0.5,6.25
Berkeley_19,3446530836353328768,81.04048,29.58659,1.061,-0.192,0.229,16.81,0.92,0.5,1.54
Berkeley_19,3446530385377802368,81.01207,29.56069,0.975,-0.246,0.1783,17.02,0.87,0.5,0.86
Berkeley_19,3446532451261015680,81.07335,29.6253,1.049,-0.168,0.2382,16.42,1.04,0.5,4.32
Berkeley_12,204412616199822976,71.11243,42.66486,0.668,-1.572,0.1725,15.45,1.25,0.9,1.66
Berkeley_12,204412886779902336,71.10032,42.67938,0.723,-1.679,0.3402,17.14,1.37,0.8,0.69
Berkeley_12,204413165956022656,71.17062,42.7061,0.879,-1.793,0.1152,15.71,1.06,0.8,3.24
Berkeley_12,204414707852675328,71.2291,42.74813,0.893,-1.733,0.1882,17.2,1.39,0.7,6.64
Berkeley_12,204406878123533184,71.04888,42.64713,0.713,-1.673,0.3596,16.51,1.43,0.7,3.46
Berkeley_12,204407943275415040,71.01895,42.68709,0.598,-1.569,0.1898,16.72,1.32,0.7,3.58
Berkeley_12,204413715711435264,71.09035,42.71636,0.839,-1.727,0.2743,16.59,1.51,0.7,1.58
Berkeley_12,204412886779919616,71.10326,42.68383,0.907,-1.622,0.177,15.48,1.15,0.7,0.45
Berkeley_12,204410863850383104,70.97389,42.69811,0.797,-1.85,0.3194,16.02,1.22,0.6,5.57
Berkeley_12,204400796450230400,71.11023,42.62557,1.529,-1.5,0.3422,15.34,1.21,0.6,3.95
Berkeley_12,204413543912757760,71.08292,42.68398,0.958,-1.874,0.1054,16.46,1.35,0.6,0.86
Berkeley_12,204414231107486720,71.17604,42.75184,0.758,-1.802,0.5614,15.19,1.18,0.5,4.95
Berkeley_12,204401101389652736,71.22084,42.68344,1.003,-1.695,0.1038,17.23,1.45,0.5,5.34
Trumpler_20,6056577136424997376,189.76416,-60.52242,-7.08,0.281,0.2737,14.47,0.66,1,0.12
Trumpler_20,6056603146749394304,190.22681,-60.34497,-7.041,0.179,0.2531,15.39,0.82,1,0.33
Trumpler_20,6056530235377647872,190.00959,-60.58349,-7.114,0.104,0.2478,15.64,0.82,1,0.08
Trumpler_20,6056527825849449344,190.13301,-60.54589,-7.062,0.021,0.2633,14.71,0.66,1,0.15
Trumpler_20,6056525425013827200,189.82713,-60.67155,-6.975,0.278,0.2123,15.23,0.61,1,0.04
Trumpler_20,6056526112167919232,190.03142,-60.64383,-7.095,0.153,0.2721,15.75,0.81,1,0.07
Trumpler_20,6056516044804319104,189.17017,-60.91322,-7.192,0.183,0.2315,15.4,0.84,0.9,0.44
Trumpler_20,6056338920345773184,190.42094,-60.95602,-7.168,0.076,0.2465,15.02,0.86,0.8,0.41
Trumpler_20,6056602906231196032,190.12235,-60.40485,-7.313,0.204,0.3683,12.82,0.5,0.7,0.26
Trumpler_20,6056570642433872512,189.61204,-60.59183,-7.211,0.029,0.198,15.45,0.76,0.7,0.13
Trumpler_20,6056515185810867200,189.26834,-60.91634,-7.37,0.196,0.2607,15.12,0.72,0.6,0.4
Trumpler_20,6056511543677927552,189.82266,-60.80687,-7.162,0.388,0.3259,13.72,0.63,0.5,0.17
Berkeley_70,194984750669390080,81.30826,41.95162,0.911,-1.835,0.2315,15.78,1.01,1,6.63
Berkeley_70,194986880973088640,81.46844,42.03815,0.897,-1.772,0.1601,16.22,0.69,1,5.25
Berkeley_70,195344531490606848,81.64722,41.91146,1.014,-2.004,0.1026,16.25,0.94,0.9,8.81
Berkeley_70,194972621681726848,81.46921,41.88708,1.094,-1.553,0.3674,15.54,0.94,0.8,3.87
Berkeley_70,194985369144632064,81.44814,41.96749,1.14,-1.831,0.2678,16.57,0.83,0.7,1.06
Berkeley_70,194985781458004864,81.47372,41.97762,0.676,-1.795,0.3036,15.69,0.93,0.7,1.76
Berkeley_70,194972548663089536,81.47027,41.87433,0.77,-1.771,0.2974,15.16,0.62,0.7,4.63
Berkeley_70,195345253045112448,81.60912,41.9394,1.222,-1.777,0.2935,14.53,0.64,0.6,6.82
Berkeley_70,194987396369280128,81.20254,41.92047,0.768,-1.9,0.2113,15.3,0.85,0.6,11.5
Berkeley_70,194970594457214848,81.36805,41.81433,0.872,-1.553,0.1721,15.93,0.94,0.6,9.11
Berkeley_70,194968945189749504,81.45647,41.81571,0.875,-1.589,0.2662,15.73,0.78,0.6,8.11
Berkeley_70,194981486494296320,81.15981,41.90171,0.629,-1.601,0.357,16.52,0.89,0.5,13.59
NGC_1193,433016201898665600,46.47506,44.38014,-0.22,-0.448,0.0847,16.88,0.59,1,0.51
NGC_1193,433017434556249216,46.51402,44.38418,-0.011,-0.318,0.1072,16.83,0.66,1,1.2
NGC_1193,433017640711477376,46.50052,44.39471,0.044,-0.797,0.1843,17.17,0.79,0.7,0.91
NGC_1193,433016236255955968,46.47338,44.38461,-0.134,-0.359,0.2299,15.48,0.48,1,0.54
NGC_1193,433016236258396288,46.48133,44.39133,0.021,-0.404,0.149,16.23,0.73,1,0.5
NGC_1193,433016236258400128,46.48577,44.38402,-0.154,-0.391,-0.017,16.96,0.78,1,0.02
NGC_1193,433019191193439360,46.47649,44.39516,0.199,-0.39,0.0459,17.14,0.78,1,0.8
NGC_1193,433017438849650176,46.5043,44.37496,0.072,-0.486,0.1963,15.92,0.46,1,0.94
NGC_1193,433016236258804480,46.48889,44.38506,-0.007,-0.466,0.243,15.81,0.49,1,0.15
NGC_1193,433016167539735552,46.49433,44.36906,-0.456,-0.32,0.2166,15.8,0.53,1,0.94
NGC_1193,433019259915364992,46.46487,44.40713,-0.299,-0.376,0.2399,16.5,0.57,1,1.67
NGC_1193,433016231962219008,46.47598,44.39192,-0.392,-0.648,0.2087,17.22,0.74,1,0.65
NGC_2682,604921202767811712,132.87436,11.85831,-11.183,-2.516,1.1134,13.19,0.66,1,3.13
NGC_2682,604903713660959488,133.04471,11.73495,-11.091,-2.972,1.2656,10.63,0.14,0.9,12.59
NGC_2682,604910310730777472,132.86008,11.73074,-11.374,-2.692,1.1676,11.25,0.14,0.9,5.06
NGC_2682,604917835513456512,132.88576,11.81445,-11.305,-3.105,1.2342,11.03,0.29,0.9,2.33
NGC_2682,604918179110923520,132.88569,11.8446,-10.768,-2.877,1.0916,12.19,0.34,0.9,2.96
NGC_2682,604905534727086336,133.0559,11.76701,-10.932,-3.192,1.1271,13.33,0.65,0.8,12.64
NGC_2682,604917285757665920,132.83567,11.77121,-11.096,-3.22,1.2055,12.79,0.6,0.8,2.63
NGC_2682,604911478961895424,132.79903,11.75613,-11.577,-2.352,1.1319,10,-0.09,0.8,4.43
NGC_2682,604917732434325248,132.84562,11.8203,-10.903,-3.153,1.1251,13.16,0.62,0.7,0.37
NGC_2682,604918591427681024,132.95261,11.821,-10.303,-3.058,1.0836,10.86,0.28,0.6,6.27
NGC_2682,604997206508853632,132.86812,12.12738,-10.982,-2.445,1.1515,12.46,0.6,0.5,18.84
NGC_7142,2217989766712690432,325.95112,65.85986,-2.674,-1.285,0.4177,13.84,1.01,1,9.54
NGC_7142,2217992721650549504,325.93422,65.87577,-2.623,-0.995,0.388,14.94,1,1,10.39
NGC_7142,2217942281554373760,326.32738,65.77737,-2.67,-1.31,0.3597,14.85,0.94,1,0.96
NGC_7142,2217943037468573184,326.18791,65.80631,-2.667,-1.47,0.4061,14.51,0.66,1,2.9
NGC_7142,2217942865669886592,326.18205,65.78894,-3.138,-1.245,0.3583,14.74,0.83,1,2.68
NGC_7142,2217941800518022144,326.22095,65.74722,-2.804,-1.322,0.3843,14.97,1.01,1,2.69
NGC_7142,2217943209267285248,326.31314,65.82341,-2.849,-1.305,0.3771,15.17,1.03,1,2.54
NGC_7142,2217942384633581056,326.34762,65.8043,-2.604,-1.276,0.4038,14.4,1.01,1,1.94
NGC_7142,2217942586493241728,326.21858,65.77177,-2.405,-1.586,0.3785,14.39,0.59,0.9,1.86
NGC_7142,2217942590791993984,326.21652,65.77267,-3.219,-1.295,0.3638,14.12,0.65,0.9,1.89
Berkeley_23,3372770030083341696,98.35775,20.57242,0.221,-1.692,0.1479,15.52,0.62,0.5,3.16
Berkeley_23,3372769549047009152,98.36998,20.52237,-0.319,-0.959,0.2481,14.89,0.46,0.5,3.01
Berkeley_23,3372770030083341824,98.35521,20.57436,0.047,-1.613,0.2495,15.62,0.63,0.6,3.15
Berkeley_23,3372769549047009792,98.36763,20.52104,-0.415,-1.372,0.1904,15.39,0.52,0.6,2.91
Berkeley_23,3372772912003460992,98.38535,20.65476,0.137,-1.092,0.2197,14.67,0.53,0.7,8.12
Berkeley_23,3372769927004129536,98.34433,20.55822,-0.033,-1.582,0.2056,13.13,0.33,0.7,2.03
Berkeley_23,3372759924021981568,98.29511,20.42952,-0.111,-1.409,0.2063,14.99,0.56,0.8,6.45
Berkeley_23,3372764188927847808,98.24813,20.50769,-0.278,-1.282,0.2836,15.3,0.66,0.9,4.25
IC_166,511345169749009024,28.19199,61.90805,-1.587,1.356,0.2795,15.44,1.41,1,4.13
IC_166,511345307182245120,28.11792,61.90839,-1.598,1.306,0.1278,15.39,1.14,1,3.15
IC_166,511346750296935552,28.2565,61.94309,-1.411,0.998,0.1714,16.27,1.22,1,6.91
IC_166,511341802494744960,28.02746,61.84822,-1.378,1.151,0.1822,16.37,1.26,1,1.95
IC_166,508343709165332608,28.45141,61.92751,-1.709,1.143,0.129,16.02,1.22,1,10.95
IC_166,508342540934241536,28.52306,61.86085,-1.676,1.365,0.3563,16.2,1.05,0.9,12.14
IC_166,508719364185703552,28.53559,61.96203,-1.643,0.907,0.2352,15.02,1.01,0.7,13.97
IC_166,508341510142104704,28.36157,61.82623,-1.043,0.795,0.3035,15.5,1.24,0.6,7.79
IC_166,511347196973512448,28.24256,61.96636,-1.897,1.627,0.3185,14.5,1.11,0.5,7.78
Berkeley_14,205115028036560896,74.94278,43.48039,1.338,0.165,0.1283,16.14,0.73,1,0.56
Berkeley_14,205115028042602752,74.94084,43.4797,1.291,0.211,0.0846,16.16,0.79,1,0.55
Berkeley_14,205112420993527168,74.93235,43.41378,1.216,0.589,0.1729,16.42,0.9,1,4.45
Berkeley_14,205161413682675328,74.81,43.52692,1.306,0.214,0.245,15.82,1.07,0.9,5.91
Berkeley_14,205115307211502720,74.9341,43.50765,1.35,0.739,-0.0255,16.99,0.89,0.9,1.18
Berkeley_14,205116578521776256,75.14834,43.47764,1.323,0.273,0.2215,15.48,0.82,0.9,9.3
Berkeley_14,205115096755243904,74.94086,43.48317,1.384,-0.191,-0.1177,16.28,1.08,0.8,0.38
Berkeley_14,205111042305931136,75.0034,43.42274,1.09,0.375,0.1939,15.88,1.02,0.6,4.92
Berkeley_14,205110561270707200,75.0949,43.43773,1.072,0.151,0.3219,16.66,0.97,0.5,7.58
Collinder_1,10 3126967608625873920,99.49192,2.45823,-0.811,-1.628,0.4586,13.85,0.69,0.5,25.85
Collinder_1,10 3126655583543581952,99.81317,1.6389,-0.644,-2.106,0.4695,14.32,0.81,0.7,27.06
Collinder_1,10 3126651808271566592,99.77998,1.55814,-0.768,-2.174,0.4135,13.59,0.71,0.8,31.26
Collinder_1,10 3126753238218712320,99.58215,2.10003,-1.066,-1.762,0.4061,14.45,0.69,0.9,5.98
Collinder_1,10 3126963244939264384,99.27332,2.35371,-1.194,-1.782,0.4341,12.24,0.76,0.9,29.62
Collinder_1,10 3126656545615431040,99.74929,1.65786,-1.184,-2.007,0.435,13.43,0.63,1,25.04
Collinder_1,10 3126748427855720832,99.64437,2.00821,-1.154,-2.107,0.5296,13.18,0.57,1,4.13
Collinder_1,10 3126949844641169280,99.6397,2.27651,-0.836,-2.146,0.4468,13.95,0.55,1,12.65
King_7,250919655953503616,59.72744,51.58436,1.012,-1.427,0.4429,15.22,1.06,0.5,12.21
King_7,250926149944003072,59.86522,51.66284,1.603,-1.47,0.4167,15.46,1.5,0.9,7.94
King_7,250927455614029056,59.85663,51.7392,0.775,-1.139,0.3364,14.69,1.62,0.9,3.87
King_7,250924088359721472,59.6755,51.68339,1.196,-1.194,0.262,14.54,1.66,1,7.28
King_7,250925909425813504,59.67429,51.7857,1.11,-1.177,0.3313,14.65,1.63,1,4.03
King_7,251684778608660736,59.76821,52.00952,1.169,-1.307,0.2835,14.61,1.59,1,13.48
King_7,251684366291806976,59.76072,51.96321,1.178,-1.387,0.3353,14.95,1.35,1,10.72
NGC_2204,2941936191265206016,93.9132,-18.66804,-0.443,2.008,0.228,14.85,0.15,1,1.77
NGC_2204,2941936741021002240,93.94853,-18.63616,-0.722,1.888,0.2218,14.56,0.03,1,4.29
NGC_2204,2941936259984685312,93.89759,-18.6641,-0.671,1.923,0.2513,13.5,0.08,1,0.95
NGC_2204,2941939283641661568,93.87563,-18.6457,-0.585,2.195,0.1332,15.44,0.29,1,1.5
NGC_2204,2941939283641661056,93.88093,-18.64769,-0.501,1.987,0.2537,14.19,0.04,1,1.33
NGC_2204,2941922928406484864,93.96837,-18.7556,-0.67,1.942,0.2433,15.96,0.4,1,7.1
NGC_2204,2941920110907962624,93.97822,-18.84552,-0.828,1.702,0.1942,13.31,0.13,0.7,11.86
NGC_7044,1969807314904461440,318.31196,42.5114,-4.97,-5.497,0.3468,15.54,1.05,1,1.61
NGC_7044,1969806421551169664,318.42906,42.47034,-4.849,-5.8,0.347,15.58,1.05,1,6.57
NGC_7044,1969804394326716416,318.29068,42.50573,-4.858,-5.625,0.2188,16.02,1.07,1,0.76
NGC_7044,1969801405029468416,318.28449,42.49332,-5.234,-5.577,0.2753,14.14,1.16,1,0.04
NGC_7044,1969804252578650112,318.25962,42.49407,-4.806,-5.342,0.3064,14.78,1.21,1,1.07
NGC_7044,1969807486703163264,318.34588,42.54588,-4.587,-5.431,0.4921,14.42,1.21,0.5,4.14
NGC_7044,1969812675023710720,318.41004,42.65647,-4.187,-5.209,0.1741,15.85,1.18,0.1,11.22
NGC_5168,5868678364539444480,202.82607,-60.94381,-4.454,-1.59,0.3396,14.72,0.84,0.5,1.02
NGC_5168,5868665032959125632,202.85606,-61.05557,-4.398,-1.636,0.268,14.12,0.81,0.5,6.89
NGC_5168,5868676199875762560,202.6306,-61.02698,-3.577,-1.135,0.3211,14.32,0.7,0.5,6.78
NGC_5168,5869058108369362304,202.80347,-60.82879,-4.147,-1.759,0.2699,14.72,0.77,0.7,6.98
NGC_5168,5869053602890859264,202.97315,-60.9161,-4.23,-1.427,0.3317,15.15,0.82,1,5.58
NGC_5168,5868681353836708096,202.7675,-60.92886,-4.233,-1.4,0.244,14,0.77,1,1.18
Berkeley_31,3157241282608500096,104.43174,8.281,0.444,-1.131,0.1772,16.7,0.36,1,1.54
Berkeley_31,3157241523126689536,104.40642,8.28829,0.047,-0.839,0.1444,16.38,0.26,0.8,0.19
Berkeley_31,3157241115107807872,104.40386,8.25708,0.347,-0.879,0.1019,16.27,0.24,0.8,1.67
Berkeley_31,3157241355625967744,104.40072,8.27475,0.336,-0.776,0.2173,15.23,0.25,0.8,0.68
Berkeley_31,3157241557486428160,104.41861,8.29589,0.645,-1.014,0.2242,16.51,0.3,0.6,0.99
Berkeley_31,3157241012027949568,104.32258,8.30677,0.406,-0.595,0.2966,14.51,0.36,0.5,5.12
Berkeley_20,3221068005615576064,83.13275,0.180877,0.842,-0.501,0.0991,17.33,0.68,1,1.18
Berkeley_20,3221067795161776128,83.1434,0.177827,0.812,-0.161,0.0149,17.48,0.44,1,0.67
Berkeley_20,3221067726441159808,83.15715,0.164221,1.146,-0.029,-0.0245,17.94,0.67,1,1.28
Berkeley_20,3221067898239929600,83.15565,0.187513,0.781,-0.118,-0.0094,16.88,0.64,1,0.26
Berkeley_20,3221067795160638976,83.14892,0.176315,0.652,-0.375,0.1461,17.84,0.48,0.9,0.55
Berkeley_20,3221067898244811904,83.15115,0.1873,0.413,0.173,0.2024,16.9,0.43,0.8,0.14
Melotte_71,3033950608547035392,114.33854,-12.241102,-2.366,4.212,0.4278,13.85,0.29,1,10.88
Melotte_71,3033949474675682432,114.29978,-12.225845,-2.379,4.188,0.4136,13.69,0.2,1,10.81
Melotte_71,3033962664515580672,114.39443,-11.99131,-2.554,4.35,0.3793,12.51,0.29,0.9,4.47
Melotte_71,3033962183479250432,114.39487,-12.046008,-2.453,4.281,0.4571,12.44,0.26,0.9,1.33
Melotte_71,3033959198481332736,114.40683,-12.064519,-2.328,4.09,0.4225,11.41,0.13,0.9,1.39
NGC_2818,5623333305507291392,139.02766,-36.642309,-4.423,4.559,0.2676,14.59,0.36,1,1.35
NGC_2818,5623386322584850688,139.03065,-36.59185,-4.515,4.468,0.263,13.58,0.13,1,2.03
NGC_2818,5623386322584851584,139.02787,-36.59178,-4.312,4.621,0.2677,14.15,0.27,0.9,2.08
NGC_2818,5623389311882047488,139.16338,-36.430749,-4.366,4.465,0.2426,13.61,0.36,0.9,12.94
NGC_2818,5623398932608693504,138.78983,-36.407777,-4.39,4.784,0.1621,14.3,0.29,0.5,17.84
NGC_2477,5538883317769763072,117.90731,-38.417946,-2.493,0.813,0.7239,12.46,0.49,0.9,9.66
NGC_2477,5538871193083003264,118.12623,-38.468905,-2.329,0.85,0.696,11.54,0.44,0.8,5.55
NGC_2477,5538866722016153088,118.11047,-38.51624,-2.277,0.339,0.6589,12.22,0.44,1,3.27
NGC_2477,5538493682642912256,118.03113,-38.58576,-2.316,0.447,0.6468,11.22,0.31,1,3
NGC_2477,5538494885233812864,117.9206,-38.551794,-2.406,1.063,0.6434,11.62,0.32,0.9,5.95
NGC_1245,435064729506486784,48.67675,47.233028,0.502,-1.59,0.2838,13.24,0.34,1,0.59
NGC_1245,435063939232107392,48.71628,47.232652,0.369,-1.723,0.2844,12.73,0.44,1,1.03
NGC_1245,435058957070113792,48.59944,47.210083,0.442,-1.621,0.2985,12.73,0.31,0.9,4.01
NGC_1245,434777275934073728,49.37568,46.422677,0.492,-1.341,0.2305,13.29,0.61,0.7,56.26
NGC_1245,435067959321466368,48.64329,47.275714,0.365,-1.46,0.3281,13.98,0.38,0.6,3.12
IC_4651,5949553835654195968,261.27313,-49.945926,-2.26,-4.762,1.1896,10.48,0.41,1,2.93
IC_4651,5949553522087135616,261.23196,-49.963018,-2.103,-4.683,1.0457,12.33,0.41,0.7,2.86
IC_4651,5949584170973723520,261.50745,-49.70436,-2.023,-5.612,1.1522,12.32,0.56,0.6,17.13
IC_4651,5949565616715032064,261.12886,-49.919361,-3.364,-5.255,1.0841,11.95,0.42,0.6,3.21
IC_4651,5949561772753237248,260.92064,-49.964806,-2.29,-5.386,1.2379,11.23,0.64,0.6,11.61
Collinder_7,4  3334922400312888960,87.16624,7.368012,0.835,-1.396,0.3706,14.65,0.74,1,0.42
Collinder_7,4  3334922606471312000,87.16983,7.388801,0.822,-1.575,0.4728,15.16,0.69,1,0.88
Collinder_7,4  3334922469032368896,87.15381,7.371236,1.225,-1.692,0.3626,14.57,0.57,0.9,0.97
Collinder_7,4  3334935628812158336,87.09135,7.443001,1.189,-1.239,0.3775,14.42,0.81,0.8,6.24
Collinder_7,4  3334936934482207488,87.04653,7.510596,1.01,-1.018,0.4329,13.92,0.87,0.5,11
NGC_2354,5616399132353957888,108.65572,-25.628324,-2.97,1.746,0.7408,11.35,0.54,1,10.05
NGC_2354,5616347932036779264,108.68008,-26.024616,-2.744,1.422,0.7167,12.46,0.49,1,20.41
NGC_2354,5617125080603529216,108.45811,-25.686864,-3,1.798,0.7324,11.29,0.34,0.9,3.29
NGC_2354,5617123916672085888,108.44838,-25.721106,-3.007,1.794,0.6953,11.16,0.49,0.9,2.95
NGC_2354,5616373431268523264,108.54984,-25.726271,-2.974,2.029,0.7745,11.37,0.61,0.8,2.53
IC_1311,2074535728745996288,302.7206,41.199596,-3.546,-5.162,0.1702,16.34,0.79,1,1.72
IC_1311,2074532911247401216,302.75592,41.114652,-3.261,-5.215,0.142,15.88,0.93,1,4.59
IC_1311,2074534659270489984,302.77667,41.155978,-3.298,-5.081,0.079,16.18,0.79,1,3.81
IC_1311,2074532739448654080,302.74725,41.082698,-3.529,-4.687,0.116,15.69,0.78,0.7,6.09
IC_1311,2074533942039544960,302.72592,41.149271,-3.067,-5.338,0.1581,15.87,0.91,0.5,2.11
Berkeley_99,2227550673150689152,350.32931,71.759137,-3.083,-0.332,0.1618,15.91,0.78,1,1.72
Berkeley_99,2227553559367960960,350.2104,71.777533,-2.939,-0.182,-0.0287,16.76,0.79,1,0.93
Berkeley_99,2227553559367959168,350.23099,71.784512,-3.219,-0.39,0.1618,15.52,0.66,1,0.66
Berkeley_99,2227550948027851648,350.32359,71.784495,-3.198,-0.388,0.1498,16.2,0.64,1,1.25
Berkeley_99,2227550668851040896,350.35676,71.767167,-2.977,-0.385,0.0907,16.38,0.64,0.9,1.92
NGC_6134,5941411402288564224,246.92977,-49.165348,2.349,-4.555,0.8312,11.05,0.52,1,0.94
NGC_6134,5941411299182887296,246.90752,-49.178445,2.269,-4.523,0.911,11.56,0.6,1,2.06
NGC_6134,5940661153075041536,246.98137,-49.151822,2.651,-4.69,0.7772,12.22,0.67,1,1.24
NGC_6134,5941411436621885696,246.93217,-49.152203,1.804,-3.895,0.902,12.77,0.47,0.6,0.97
Pismis_3,5529718583418421120,127.95254,-38.555813,-4.569,6.763,0.3194,15.88,1.48,1,7.51
Pismis_3,5529623922338859520,127.91757,-38.628085,-4.818,6.727,0.3462,15.53,1.47,1,3.98
Pismis_3,5529721156094954624,127.87396,-38.552289,-5.202,6.331,0.3904,16.09,1.47,0.9,5.58
Pismis_3,5529738683865316480,127.71704,-38.370904,-5.136,6.039,0.3959,16.3,1.51,0.5,17.05
King_5,445982364570425344,48.5119,52.400173,-0.257,-1.175,0.4256,14.45,1.11,1,18.74
King_5,445961611289720448,48.14217,52.378891,-0.225,-1.176,0.3598,13.98,0.84,1,27.34
King_5,445986453379278336,48.3139,52.463743,-0.089,-1.115,0.3143,16.1,1.08,0.8,19.3
King_5,446182544407368064,48.46844,52.704574,-0.088,-0.795,0.4194,13.35,1.07,0.7,7.78
Gulliver_4,5544116585108642560,122.24674,-37.269745,-2.922,3.055,0.3097,14.11,0.75,0.9,14.36
Gulliver_4,5541107565380391296,122.16401,-37.367164,-2.857,3.1,0.2757,13.88,0.88,0.9,7.97
Gulliver_4,5541112066506088064,122.24903,-37.421407,-3.01,2.851,0.3123,13.55,0.58,0.9,6.21
Gulliver_4,5541089457798533760,122.34162,-37.627965,-2.89,2.983,0.3475,13.29,0.73,0.9,11.41
NGC_2112,3218629323185062144,88.90765,0.182648,-2.48,4.186,0.9095,13.76,1.24,1,30.36
NGC_2112,3218831770763610240,88.40804,0.361665,-2.687,4.347,0.8955,13.38,1.2,1,3.62
NGC_2112,3218879702598644352,88.33807,0.391568,-2.437,4.015,0.8222,13.26,1.05,1,6.86
NGC_2112,3218833106497814144,88.44129,0.409917,-3.068,4.72,0.8566,11.33,0.87,0.8,0.76
NGC_2259,3327790482561445120,99.63954,10.92201,-0.265,-0.576,0.4207,13.2,0.75,0.7,2.25
NGC_2259,3327801791214032256,99.57749,10.913518,-0.544,-0.732,0.3771,13.57,0.7,0.9,3.69
NGC_2259,3327788455336883072,99.57941,10.875775,-0.541,-0.831,0.3954,13.11,0.67,0.9,3.2
NGC_2259,3327801791214033536,99.57998,10.905454,-0.499,-0.374,0.3663,12.58,0.8,0.6,3.35
King_8,3454321872668885888,87.31366,33.621706,0.479,-1.785,0.1038,15.7,0.91,1,0.85
King_8,3454321907028614912,87.31735,33.631753,0.237,-1.66,0.0397,15.38,0.99,0.8,0.34
King_8,3454367330602800768,87.21598,33.599112,0.586,-1.546,0.3446,16.07,0.91,0.6,5.76
NGC_1817,3394756586145168896,78.01998,16.717815,0.639,-0.861,0.5507,12.9,0.31,1,6.96
NGC_1817,3394742979688983680,78.1484,16.637198,0.306,-0.782,0.455,12.12,0.39,0.5,3.56
NGC_1817,3394758716448900224,78.08293,16.783682,0.924,-1.216,0.4794,13.77,0.32,0.5,6.16
NGC_6005,5835869934054953088,238.9886,-57.408079,-3.829,-3.859,0.391,13.67,0.62,0.9,2.14
NGC_6005,5835869281220347648,238.98002,-57.448843,-3.988,-3.694,0.3383,13.75,1,0.9,1
NGC_6005,5835859866650802816,239.03493,-57.562846,-3.895,-3.788,0.377,14.19,0.97,0.7,7.86
Gulliver_1,5351273618689915136,161.63602,-57.057539,-7.969,3.556,0.3469,13.98,0.44,0.9,2.25
Gulliver_1,5351272450458775936,161.55617,-57.039979,-8.005,3.498,0.2946,14.56,0.49,0.8,0.91
Gulliver_1,5351083403190742528,161.93741,-57.191884,-7.988,3.416,0.355,14.44,0.55,0.7,14.96
NGC_2627,5643762094116420864,129.30868,-29.949401,-2.363,2.842,0.5394,12.06,0.13,1,0.15
NGC_2627,5643761956677482496,129.29,-29.960868,-2.367,3.07,0.5715,11.71,0.38,1,1.12
NGC_2627,5645267840929582720,129.26101,-29.830876,-2.408,3.007,0.5281,13.73,0.33,1,7.68
Gulliver_55,1821639395722981888,297.81255,18.694926,0.394,3  -2.086,-2.374,14.51,0.53,0.8,2.34
Gulliver_55,1821639219580243072,297.83283,18.692208,0.428,6  -1.967,-2.551,12.97,0.65,0.8,1.87
Gulliver_55,1821639219580243200,297.8328,18.6898,0.352,3  -2.22,-2.637,12.33,0.47,0.5,1.72
NGC_2420,865401520342930560,114.60897,21.57783,-1.16,-2.321,0.3675,13.68,0.06,1,0.42
NGC_2420,865401760861112960,114.57958,21.5793,-1.268,-2.18,0.3057,14.04,0.55,1,1.27
NGC_2420,865401619125252608,114.62235,21.57526,-1.098,-2.228,0.3899,12.37,0.23,1,1.13
Berkeley_22,3323172155769861504,89.59882,7.73414,0.91,-0.244,0.1176,17.53,1.31,0.9,2.07
Berkeley_22,3323172568086750208,89.62393,7.75004,0.817,-0.356,0.0697,16.45,1.34,0.8,0.85
Berkeley_22,3323184250397832832,89.55997,7.76992,1.335,-0.614,0.0059,17.83,1.34,0.5,3.47
IC_361,469411789129209088,64.70399,58.27232,1.992,-1.239,0.2369,15.55,1,1,1.58
IC_361,469411136294168320,64.7543,58.27953,1.678,-1.036,0.2978,14.97,0.91,1,1.75
NGC_1444,443789457348784640,57.36487,52.65539,-0.411,-2.079,0.8483,6.66,0.62,0.5,0.21
NGC_1444,443789457348785152,57.36101,52.65473,-0.776,-1.933,0.8078,9.67,0.62,1,0.19
NGC_6067,5932570744805867776,243.25097,-54.19366,-2.015,-2.534,0.4042,8.96,0.28,1,2.61
NGC_6067,5932576208005295872,243.24404,-54.06662,-1.932,-2.699,0.3784,8.76,0.22,0.8,9.81
NGC_6124,6016890642152299264,247.44523,-41.07147,-0.536,-1.423,1.5195,8.57,0.62,1,56.19
NGC_6124,6016938642708734464,247.21185,-40.57103,0.074,-2.272,1.4803,9.21,0.42,1,40.43
NGC_6603,4096382581158775552,274.54446,-18.33427,0.046,-2.091,0.4973,14.13,0.61,0.8,6.05
NGC_6603,4096389040790906112,274.6827,-18.26617,0.265,-2.022,0.4151,10.7,0.24,0.5,9.37
NGC_6603,4094878960254273536,274.46891,-18.4339,-0.145,-2.18,0.3473,13.91,0.68,0.7,8.5
NGC_6603,4094875764798335232,274.44874,-18.48938,0.041,-1.972,0.3825,12.84,0.64,0.9,10.67
NGC_6705,4252502786960993408,282.76632,-6.292242,-1.559,-3.935,0.396,10.39,0.46,1,1.21
NGC_6705,4252518450589945856,282.69762,-6.156542,-1.463,-4.257,0.3718,11.49,0.31,0.8,8.03
NGC_6940,1857459766532229248,308.5557,28.164118,-2.095,-9.215,0.9183,9.04,0.32,1,7.77
NGC_6940,1857460762964528384,308.73803,28.224485,-1.802,-8.801,0.8993,12.04,0.23,0.8,6.73
NGC_2849,5429398695822186880,139.8572,-40.50982,-4.174,3.486,0.0816,13.99,0.38,1,0.69
NGC_2849,5429398695822190464,139.84963,-40.51094,-4.399,3.657,0.148,14.9,0.55,1,0.54
NGC_2660,5329370178820387712,130.6685,-47.19041,-2.67,5.105,0.2688,14.41,0.89,1,0.63
NGC_2660,5329369903942514176,130.67717,-47.20835,-2.808,5.07,0.3421,14.26,0.76,1,0.6
NGC_3960,5343948122455359616,177.78504,-55.70865,-6.581,1.853,0.4562,13.59,0.54,0.5,5.09
NGC_3960,5343855106334040704,177.61861,-55.71042,-6.542,1.767,0.3842,12.27,0.39,1,2.07
NGC_6939,2194724856583515776,307.88303,60.60707,-1.819,-5.454,0.5476,12.78,0.76,1,2.93
NGC_6939,2194724959662728064,307.88289,60.63772,-2,-5.475,0.5266,12.52,0.52,0.9,1.35
NGC_7790,2011898612879321344,359.22462,61.1759,-3.109,-1.666,0.238,11.31,0.49,0.7,11.41
Waterloo_7,3031534775343697920,111.54299,-15.08721,-1.468,1.651,0.1766,9.18,0.3,0.9,0.65
NGC_2422,3030030574719303680,114.01618,-14.49276,-7.109,0.78,2.0486,5.627,-0.11,1,7.6
NGC_6025,5832957602573458304,240.93525,-60.49847,-3.03,-2.803,1.2965,7.232,-0.04,7 1.0,6.18
Trumpler_9,5602116682473193984,118.95305,-25.83945,-3.336,3.058,0.2879,8.234,0.5,0.9,3.69
NGC_2516,5290767631226220032,119.71058,-60.82441,-4.636,10.889,2.4919,5.798,-0.1,0.6,5.56
NGC_2168,3426270719703886848,92.2356,24.35985,2.156,-3.349,1.1482,8.13,0.13,0.9,2.45
NGC_559,512422794227736704,22.38719,63.31039,-4.258,0.187,0.3269,11.713,0.86,1,0.56
NGC_4815,5861657703566356864,194.48661,-64.95921,-5.812,-0.99,0.2458,12.166,0.95,1,0.31
NGC_2437,3029206452090564480,115.28473,-14.85762,-3.732,-0.032,0.6766,9.408,0.06,0.8,9.33
NGC_2383,5619923204561849856,111.18242,-20.93772,-2.219,2.249,0.2401,9.877,0.1,9 0.3,0.82
NGC_6475,4040810720855068288,268.05693,-34.79922,3.148,-5.604,3.6766,5.844,-0.14,6 0.9,19.37
Berkeley_58,429388260214525696,0.16689,61.05609,-3.352,-1.677,0.2641,12.203,0.74,8 0.8,7.75
NGC_1912,183326972477963136,82.15302,35.80074,1.603,-4.519,0.8025,9.726,0.22,5 0.8,1.55
NGC_1907,183313434741207296,82.04073,35.49258,-0.435,-3.68,0.6038,9.131,0.7,7 0.7,9.76
NGC_2099,3451182079777549568,88.03235,32.5717,2.108,-5.848,0.547,10.673,0.24,2 0.9,2.64
King_19,2014051589783371648,347.03568,60.52013,-5.084,-2.564,0.3869,12.085,1.03,5 0.7,0.53
Melotte_105,5240688243858069376,169.91916,-63.49423,-6.736,1.944,0.3919,11.157,0.53,6 0.9,0.49
NGC_2447,5614702792078807296,116.17847,-24.23816,-3.639,4.789,0.9378,8.119,0.12,1 0.9,23.2
NGC_6633,4477214749926383104,276.72039,6.42332,1.22,-1.631,2.3886,7.748,0.14,2 0.9,13.69
NGC_2324,3114552571860930176,106.03511,1.02814,-0.581,0.025,0.1159,14.353,0.12,9 0.5,1.07
NGC_1342,222747556706923648,52.48303,37.41494,0.583,-1.905,1.3635,8.836,0.51,9 0.6,19.7
Harvard_8,5857560304766546048,199.50429,-67.0761,-5.718,-0.384,0.3573,11.901,0.31,1 0.6,0.92
NGC_2266,3385757289631859840,100.8671,26.98784,-0.147,-1.465,0.298,12.792,0.15,7 0.6,2
NGC_2360,3031253334726488576,109.44972,-15.70288,0.166,5.545,0.9311,12.862,0.43,4 1.0,4.33
Haffner_6,3032853158504155648,110.11854,-13.04662,-1.096,1.813,0.3087,13.691,0.64,2 0.7,9.42
NGC_2533,5596625961920878848,121.75599,-29.95305,-3.289,5.124,0.2347,12.786,0.55,7 0.5,4.94
NGC_2632,661322060465742336,130.04755,19.97107,-35.312,-13.595,5.2065,6.581,0.02,6 1.0,21
Berkeley_10,4   431608620871040768,1.0035,63.5761,-2.58,-0.941,0.2274,14.371,0.48,8 0.5,3.75
Berkeley_33,2949520725556164864,104.4614,-13.22024,-0.64,1.404,0.1196,13.892,0.78,6 1.0,0.51
NGC_6866,2076065699159591296,300.91938,44.19538,-1.302,-5.888,0.7263,11.266,0.03,8 0.7,3.53
Berkeley_69,180889320839281920,81.12818,32.66944,-0.129,-1.802,0.4055,14.095,0.94,0 0.5,4.21
NGC_5822,5887526016720381312,228.06977,-54.37696,-6.892,-5.954,1.299,9.255,0.01,9 0.7,70.56
Berkeley_81,4265578488422545792,285.43039,-0.542707,-1.028,-1.936,0.3096,15.746,1.29,7 0.9,5.36
NGC_6583,4090715281517983744,273.959671,-22.13508,1.323,0.17,0.3727,12.979,0.95,2 1.0,0.49
Berkeley_29,3358218543445543808,103.18155,16.949789,0.031,-0.96,0.0576,16.148,0.53,7 0.5,5.1
NGC_3680,5376912924151892992,171.06599,-43.650649,-7.43,1.475,1.0388,12.872,0.52,4 0.5,28.43
Ruprecht_75,5306893618537953280,140.47215,-56.313469,-6.002,5.051,0.2369,13.729,0.42,4 0.7,0.46
NGC_2192,959419037352088960,93.83312,39.815797,0.142,-2.013,0.2713,14.323,0.34,9 1.0,1.92
